Hospital,Date,Patients,Admissions,AvgCost,Revenue,Mortality
City Hospital,2023-01-01,73,15,11763.69,858749.37,0
Metro Care,2023-01-01,75,9,9342.82,700711.5,0
Wellness Center,2023-01-01,73,15,11843.9,864604.7,2
Green Clinic,2023-01-01,81,5,11639.97,942837.57,0
City Hospital,2023-01-02,66,15,15316.18,1010867.88,1
Metro Care,2023-01-02,72,12,10245.3,737661.6,0
Wellness Center,2023-01-02,84,7,12046.57,1011911.88,0
Green Clinic,2023-01-02,77,8,6758.78,520426.06,0
City Hospital,2023-01-03,75,9,13663.42,1024756.5,0
Metro Care,2023-01-03,82,13,5408.33,443483.06,0
Wellness Center,2023-01-03,93,10,13173.35,1225121.55,1
Green Clinic,2023-01-03,78,10,14075.14,1097860.92,1
City Hospital,2023-01-04,68,4,11776.21,800782.28,0
Metro Care,2023-01-04,76,12,11661.52,886275.52,0
Wellness Center,2023-01-04,82,11,8125.04,666253.28,1
Green Clinic,2023-01-04,82,13,5278.39,432827.98,0
City Hospital,2023-01-05,96,9,6800.34,652832.64,1
Metro Care,2023-01-05,83,11,8201.37,680713.71,0
Wellness Center,2023-01-05,77,10,11222.76,864152.52,0
Green Clinic,2023-01-05,74,10,14097.34,1043203.16,0
City Hospital,2023-01-06,92,16,11734.56,1079579.52,0
Metro Care,2023-01-06,67,7,13574.13,909466.71,0
Wellness Center,2023-01-06,83,13,13740.54,1140464.82,0
Green Clinic,2023-01-06,74,11,8963.12,663270.88,0
City Hospital,2023-01-07,81,17,7615.95,616891.95,1
Metro Care,2023-01-07,88,16,13323.73,1172488.24,0
Wellness Center,2023-01-07,88,12,12394.59,1090723.92,0
Green Clinic,2023-01-07,85,12,13134.38,1116422.3,1
City Hospital,2023-01-08,85,8,13410.14,1139861.9,0
Metro Care,2023-01-08,74,9,11513.82,852022.68,0
Wellness Center,2023-01-08,72,10,12911.72,929643.84,0
Green Clinic,2023-01-08,94,16,11536.24,1084406.56,0
City Hospital,2023-01-09,78,6,13209.29,1030324.62,0
Metro Care,2023-01-09,76,9,11547.66,877622.16,0
Wellness Center,2023-01-09,76,11,12604.02,957905.52,1
Green Clinic,2023-01-09,84,10,11727.54,985113.36,0
City Hospital,2023-01-10,73,10,12771.77,932339.21,0
Metro Care,2023-01-10,78,15,9552.19,745070.82,0
Wellness Center,2023-01-10,91,14,11076.19,1007933.29,0
Green Clinic,2023-01-10,99,7,15474.19,1531944.81,0
City Hospital,2023-01-11,79,12,13168.29,1040294.91,0
Metro Care,2023-01-11,88,10,14755.88,1298517.44,0
Wellness Center,2023-01-11,73,10,12347.86,901393.78,0
Green Clinic,2023-01-11,87,9,10904.13,948659.31,0
City Hospital,2023-01-12,86,8,10712.25,921253.5,0
Metro Care,2023-01-12,89,14,6584.5,586020.5,2
Wellness Center,2023-01-12,94,3,11532.45,1084050.3,0
Green Clinic,2023-01-12,72,14,14321.08,1031117.76,0
City Hospital,2023-01-13,93,13,13571.68,1262166.24,0
Metro Care,2023-01-13,96,13,11267.21,1081652.16,0
Wellness Center,2023-01-13,78,11,19057.17,1486459.26,0
Green Clinic,2023-01-13,72,8,10661.75,767646.0,0
City Hospital,2023-01-14,88,7,12119.72,1066535.36,0
Metro Care,2023-01-14,84,9,12498.06,1049837.04,0
Wellness Center,2023-01-14,86,11,19765.15,1699802.9,0
Green Clinic,2023-01-14,76,12,17126.72,1301630.72,0
City Hospital,2023-01-15,81,13,12126.29,982229.49,0
Metro Care,2023-01-15,67,7,8054.67,539662.89,0
Wellness Center,2023-01-15,77,13,15184.05,1169171.85,0
Green Clinic,2023-01-15,55,10,12228.28,672555.4,0
City Hospital,2023-01-16,78,10,11789.96,919616.88,1
Metro Care,2023-01-16,84,16,13459.82,1130624.88,1
Wellness Center,2023-01-16,85,15,16607.15,1411607.75,0
Green Clinic,2023-01-16,88,13,14230.44,1252278.72,0
City Hospital,2023-01-17,77,12,17887.55,1377341.35,0
Metro Care,2023-01-17,51,9,10063.16,513221.16,0
Wellness Center,2023-01-17,79,11,10274.68,811699.72,0
Green Clinic,2023-01-17,84,12,8123.95,682411.8,1
City Hospital,2023-01-18,94,22,12777.62,1201096.28,2
Metro Care,2023-01-18,92,15,16877.43,1552723.56,0
Wellness Center,2023-01-18,75,11,9596.45,719733.75,1
Green Clinic,2023-01-18,79,10,8074.33,637872.07,2
City Hospital,2023-01-19,84,8,11632.87,977161.08,0
Metro Care,2023-01-19,79,10,12092.22,955285.38,0
Wellness Center,2023-01-19,89,11,15612.75,1389534.75,1
Green Clinic,2023-01-19,72,11,14123.32,1016879.04,1
City Hospital,2023-01-20,84,13,10862.58,912456.72,0
Metro Care,2023-01-20,101,13,12764.13,1289177.13,0
Wellness Center,2023-01-20,89,16,15542.31,1383265.59,0
Green Clinic,2023-01-20,79,10,11387.05,899576.95,1
City Hospital,2023-01-21,94,10,9992.03,939250.82,0
Metro Care,2023-01-21,76,11,9423.42,716179.92,1
Wellness Center,2023-01-21,83,18,15054.12,1249491.96,0
Green Clinic,2023-01-21,92,16,9176.3,844219.6,2
City Hospital,2023-01-22,80,13,16507.96,1320636.8,0
Metro Care,2023-01-22,93,8,15329.89,1425679.77,0
Wellness Center,2023-01-22,71,11,12977.63,921411.73,0
Green Clinic,2023-01-22,84,11,12850.99,1079483.16,1
City Hospital,2023-01-23,74,11,8820.01,652680.74,0
Metro Care,2023-01-23,82,14,14419.99,1182439.18,0
Wellness Center,2023-01-23,73,13,12080.21,881855.33,0
Green Clinic,2023-01-23,87,17,19193.12,1669801.44,1
City Hospital,2023-01-24,95,12,7546.7,716936.5,0
Metro Care,2023-01-24,75,8,9677.63,725822.25,0
Wellness Center,2023-01-24,82,12,14730.84,1207928.88,1
Green Clinic,2023-01-24,87,10,18271.71,1589638.77,1
City Hospital,2023-01-25,71,15,9886.25,701923.75,1
Metro Care,2023-01-25,90,11,9868.17,888135.3,0
Wellness Center,2023-01-25,94,10,11553.73,1086050.62,1
Green Clinic,2023-01-25,99,11,10821.42,1071320.58,0
City Hospital,2023-01-26,73,12,5882.27,429405.71,0
Metro Care,2023-01-26,81,11,11514.74,932693.94,0
Wellness Center,2023-01-26,77,5,6940.58,534424.66,1
Green Clinic,2023-01-26,77,13,13102.04,1008857.08,0
City Hospital,2023-01-27,62,7,14562.62,902882.44,0
Metro Care,2023-01-27,65,13,10392.93,675540.45,2
Wellness Center,2023-01-27,74,7,10192.3,754230.2,1
Green Clinic,2023-01-27,75,11,16834.15,1262561.25,0
City Hospital,2023-01-28,84,10,16968.67,1425368.28,0
Metro Care,2023-01-28,82,19,11860.07,972525.74,0
Wellness Center,2023-01-28,73,9,5297.03,386683.19,0
Green Clinic,2023-01-28,88,19,9202.56,809825.28,0
City Hospital,2023-01-29,82,13,13133.48,1076945.36,1
Metro Care,2023-01-29,85,7,14419.81,1225683.85,0
Wellness Center,2023-01-29,84,16,9550.56,802247.04,0
Green Clinic,2023-01-29,79,6,12696.23,1003002.17,0
City Hospital,2023-01-30,83,11,14462.16,1200359.28,0
Metro Care,2023-01-30,66,10,14390.73,949788.18,0
Wellness Center,2023-01-30,94,13,14584.9,1370980.6,0
Green Clinic,2023-01-30,76,9,15699.54,1193165.04,0
City Hospital,2023-01-31,65,9,9801.0,637065.0,0
Metro Care,2023-01-31,106,18,9375.63,993816.78,1
Wellness Center,2023-01-31,84,10,15606.6,1310954.4,0
Green Clinic,2023-01-31,92,18,15122.84,1391301.28,1
City Hospital,2023-02-01,80,12,12089.63,967170.4,0
Metro Care,2023-02-01,70,10,10780.0,754600.0,0
Wellness Center,2023-02-01,77,11,15086.73,1161678.21,0
Green Clinic,2023-02-01,87,15,10452.63,909378.81,0
City Hospital,2023-02-02,76,10,13722.48,1042908.48,0
Metro Care,2023-02-02,65,13,16823.94,1093556.1,0
Wellness Center,2023-02-02,73,10,10601.36,773899.28,0
Green Clinic,2023-02-02,79,12,16405.31,1296019.49,0
City Hospital,2023-02-03,79,12,7961.06,628923.74,0
Metro Care,2023-02-03,82,12,13922.6,1141653.2,0
Wellness Center,2023-02-03,77,10,10657.52,820629.04,0
Green Clinic,2023-02-03,84,10,11952.59,1004017.56,0
City Hospital,2023-02-04,101,15,12181.52,1230333.52,0
Metro Care,2023-02-04,83,14,9926.38,823889.54,0
Wellness Center,2023-02-04,65,8,11996.9,779798.5,0
Green Clinic,2023-02-04,75,12,18769.7,1407727.5,0
City Hospital,2023-02-05,84,10,12567.07,1055633.88,0
Metro Care,2023-02-05,84,13,13181.52,1107247.68,0
Wellness Center,2023-02-05,79,11,11716.15,925575.85,2
Green Clinic,2023-02-05,77,6,9846.92,758212.84,0
City Hospital,2023-02-06,75,12,10276.94,770770.5,0
Metro Care,2023-02-06,85,14,10702.01,909670.85,0
Wellness Center,2023-02-06,63,11,15893.63,1001298.69,0
Green Clinic,2023-02-06,72,8,9711.76,699246.72,0
City Hospital,2023-02-07,80,13,10575.07,846005.6,0
Metro Care,2023-02-07,88,9,12704.06,1117957.28,0
Wellness Center,2023-02-07,86,21,11747.05,1010246.3,0
Green Clinic,2023-02-07,85,13,12278.27,1043652.95,0
City Hospital,2023-02-08,80,10,8777.84,702227.2,0
Metro Care,2023-02-08,61,10,11473.75,699898.75,0
Wellness Center,2023-02-08,80,9,6833.25,546660.0,0
Green Clinic,2023-02-08,69,7,13861.19,956422.11,0
City Hospital,2023-02-09,81,15,11724.14,949655.34,1
Metro Care,2023-02-09,87,10,8654.46,752938.02,0
Wellness Center,2023-02-09,86,7,16863.91,1450296.26,0
Green Clinic,2023-02-09,70,10,13853.43,969740.1,0
City Hospital,2023-02-10,67,10,13694.76,917548.92,0
Metro Care,2023-02-10,96,22,17138.39,1645285.44,1
Wellness Center,2023-02-10,83,7,11287.14,936832.62,1
Green Clinic,2023-02-10,66,9,12648.22,834782.52,1
City Hospital,2023-02-11,87,13,9047.46,787129.02,0
Metro Care,2023-02-11,72,10,15480.67,1114608.24,0
Wellness Center,2023-02-11,85,8,17462.44,1484307.4,1
Green Clinic,2023-02-11,74,7,11889.78,879843.72,0
City Hospital,2023-02-12,66,8,15182.2,1002025.2,0
Metro Care,2023-02-12,86,7,10580.64,909935.04,1
Wellness Center,2023-02-12,69,9,13508.17,932063.73,0
Green Clinic,2023-02-12,82,14,10552.16,865277.12,0
City Hospital,2023-02-13,76,16,9827.56,746894.56,0
Metro Care,2023-02-13,90,17,14334.71,1290123.9,0
Wellness Center,2023-02-13,80,10,15725.32,1258025.6,0
Green Clinic,2023-02-13,91,16,9200.2,837218.2,0
City Hospital,2023-02-14,72,14,9603.27,691435.44,0
Metro Care,2023-02-14,71,15,15502.64,1100687.44,0
Wellness Center,2023-02-14,81,11,8629.72,699007.32,0
Green Clinic,2023-02-14,70,7,10769.1,753837.0,0
City Hospital,2023-02-15,99,17,7395.3,732134.7,0
Metro Care,2023-02-15,68,16,17198.39,1169490.52,0
Wellness Center,2023-02-15,73,12,12983.97,947829.81,0
Green Clinic,2023-02-15,86,16,17165.48,1476231.28,3
City Hospital,2023-02-16,74,11,11802.63,873394.62,0
Metro Care,2023-02-16,90,9,8394.31,755487.9,0
Wellness Center,2023-02-16,91,19,11488.15,1045421.65,0
Green Clinic,2023-02-16,91,12,9921.04,902814.64,0
City Hospital,2023-02-17,71,13,10396.01,738116.71,0
Metro Care,2023-02-17,75,8,10156.66,761749.5,0
Wellness Center,2023-02-17,73,14,13875.93,1012942.89,0
Green Clinic,2023-02-17,79,6,14781.52,1167740.08,0
City Hospital,2023-02-18,85,9,13583.0,1154555.0,0
Metro Care,2023-02-18,91,18,11531.18,1049337.38,0
Wellness Center,2023-02-18,74,12,12743.35,943007.9,0
Green Clinic,2023-02-18,85,10,14706.43,1250046.55,1
City Hospital,2023-02-19,95,12,13245.96,1258366.2,0
Metro Care,2023-02-19,88,19,12196.9,1073327.2,1
Wellness Center,2023-02-19,74,9,10086.48,746399.52,1
Green Clinic,2023-02-19,100,10,10117.12,1011712.0,1
City Hospital,2023-02-20,82,12,12918.64,1059328.48,1
Metro Care,2023-02-20,86,14,10921.05,939210.3,0
Wellness Center,2023-02-20,91,19,11548.61,1050923.51,0
Green Clinic,2023-02-20,67,10,8548.84,572772.28,0
City Hospital,2023-02-21,78,10,10798.95,842318.1,1
Metro Care,2023-02-21,79,10,12469.36,985079.44,0
Wellness Center,2023-02-21,89,18,13109.13,1166712.57,1
Green Clinic,2023-02-21,76,8,15686.0,1192136.0,0
City Hospital,2023-02-22,88,10,13598.28,1196648.64,0
Metro Care,2023-02-22,80,8,14213.22,1137057.6,0
Wellness Center,2023-02-22,75,11,13044.67,978350.25,0
Green Clinic,2023-02-22,75,9,15217.16,1141287.0,0
City Hospital,2023-02-23,87,15,13918.87,1210941.69,0
Metro Care,2023-02-23,84,15,9423.26,791553.84,1
Wellness Center,2023-02-23,69,12,12092.64,834392.16,0
Green Clinic,2023-02-23,77,9,10436.1,803579.7,1
City Hospital,2023-02-24,73,10,7448.24,543721.52,0
Metro Care,2023-02-24,82,13,21441.26,1758183.32,0
Wellness Center,2023-02-24,82,8,9330.98,765140.36,0
Green Clinic,2023-02-24,97,16,9968.51,966945.47,0
City Hospital,2023-02-25,68,11,8587.82,583971.76,0
Metro Care,2023-02-25,98,14,13555.42,1328431.16,0
Wellness Center,2023-02-25,94,14,10152.71,954354.74,0
Green Clinic,2023-02-25,91,11,11716.92,1066239.72,0
City Hospital,2023-02-26,76,12,15284.76,1161641.76,1
Metro Care,2023-02-26,90,12,12240.7,1101663.0,0
Wellness Center,2023-02-26,101,16,10570.46,1067616.46,2
Green Clinic,2023-02-26,93,12,14169.35,1317749.55,1
City Hospital,2023-02-27,67,11,12691.23,850312.41,0
Metro Care,2023-02-27,82,15,8636.66,708206.12,2
Wellness Center,2023-02-27,74,9,15506.01,1147444.74,0
Green Clinic,2023-02-27,62,6,10144.42,628954.04,0
City Hospital,2023-02-28,82,11,10634.78,872051.96,2
Metro Care,2023-02-28,75,14,12768.44,957633.0,0
Wellness Center,2023-02-28,76,10,14720.28,1118741.28,0
Green Clinic,2023-02-28,79,14,14980.47,1183457.13,0
City Hospital,2023-03-01,71,9,14756.16,1047687.36,1
Metro Care,2023-03-01,84,10,5871.28,493187.52,0
Wellness Center,2023-03-01,69,15,10226.39,705620.91,0
Green Clinic,2023-03-01,78,23,13109.89,1022571.42,1
City Hospital,2023-03-02,83,11,10835.54,899349.82,0
Metro Care,2023-03-02,81,12,18125.07,1468130.67,0
Wellness Center,2023-03-02,64,12,11446.25,732560.0,1
Green Clinic,2023-03-02,89,12,14100.28,1254924.92,0
City Hospital,2023-03-03,63,7,14584.06,918795.78,0
Metro Care,2023-03-03,85,12,9239.05,785319.25,0
Wellness Center,2023-03-03,76,13,14837.87,1127678.12,1
Green Clinic,2023-03-03,69,9,13514.68,932512.92,0
City Hospital,2023-03-04,87,12,10616.85,923665.95,0
Metro Care,2023-03-04,90,14,13822.93,1244063.7,1
Wellness Center,2023-03-04,87,7,9022.09,784921.83,0
Green Clinic,2023-03-04,88,15,13925.73,1225464.24,1
City Hospital,2023-03-05,99,13,14984.25,1483440.75,0
Metro Care,2023-03-05,92,21,11102.32,1021413.44,0
Wellness Center,2023-03-05,92,14,13719.48,1262192.16,0
Green Clinic,2023-03-05,68,10,15387.26,1046333.68,0
City Hospital,2023-03-06,86,13,12817.1,1102270.6,0
Metro Care,2023-03-06,70,5,7069.09,494836.3,1
Wellness Center,2023-03-06,76,7,14494.43,1101576.68,1
Green Clinic,2023-03-06,65,10,6985.38,454049.7,0
City Hospital,2023-03-07,76,12,15382.27,1169052.52,0
Metro Care,2023-03-07,71,13,8913.95,632890.45,1
Wellness Center,2023-03-07,87,11,8349.62,726416.94,0
Green Clinic,2023-03-07,73,14,15279.21,1115382.33,0
City Hospital,2023-03-08,81,5,13289.74,1076468.94,0
Metro Care,2023-03-08,90,16,7263.66,653729.4,1
Wellness Center,2023-03-08,74,7,11953.97,884593.78,0
Green Clinic,2023-03-08,77,14,15130.93,1165081.61,1
City Hospital,2023-03-09,84,16,13832.51,1161930.84,0
Metro Care,2023-03-09,84,12,7274.13,611026.92,1
Wellness Center,2023-03-09,99,17,11458.41,1134382.59,0
Green Clinic,2023-03-09,72,10,12460.14,897130.08,0
City Hospital,2023-03-10,73,7,5808.27,424003.71,0
Metro Care,2023-03-10,97,11,13170.23,1277512.31,0
Wellness Center,2023-03-10,93,10,8937.88,831222.84,1
Green Clinic,2023-03-10,74,11,9658.02,714693.48,0
City Hospital,2023-03-11,70,7,8980.48,628633.6,0
Metro Care,2023-03-11,85,18,13354.29,1135114.65,0
Wellness Center,2023-03-11,72,12,11764.51,847044.72,0
Green Clinic,2023-03-11,87,11,12274.55,1067885.85,1
City Hospital,2023-03-12,63,8,11404.89,718508.07,0
Metro Care,2023-03-12,74,8,11042.34,817133.16,0
Wellness Center,2023-03-12,83,8,14819.95,1230055.85,0
Green Clinic,2023-03-12,69,20,16264.37,1122241.53,0
City Hospital,2023-03-13,81,13,13189.43,1068343.83,1
Metro Care,2023-03-13,79,8,14123.22,1115734.38,0
Wellness Center,2023-03-13,73,13,10391.35,758568.55,1
Green Clinic,2023-03-13,70,8,17353.8,1214766.0,0
City Hospital,2023-03-14,71,13,10794.63,766418.73,1
Metro Care,2023-03-14,75,12,13133.52,985014.0,1
Wellness Center,2023-03-14,82,12,8719.46,714995.72,0
Green Clinic,2023-03-14,96,16,13628.63,1308348.48,0
City Hospital,2023-03-15,89,9,13119.04,1167594.56,0
Metro Care,2023-03-15,90,11,5523.41,497106.9,0
Wellness Center,2023-03-15,86,15,9738.35,837498.1,1
Green Clinic,2023-03-15,75,17,7258.2,544365.0,0
City Hospital,2023-03-16,80,5,11436.59,914927.2,0
Metro Care,2023-03-16,79,14,11821.13,933869.27,0
Wellness Center,2023-03-16,75,18,14980.54,1123540.5,0
Green Clinic,2023-03-16,59,8,12695.62,749041.58,0
City Hospital,2023-03-17,79,13,13883.39,1096787.81,1
Metro Care,2023-03-17,73,18,16618.94,1213182.62,0
Wellness Center,2023-03-17,78,13,14027.24,1094124.72,1
Green Clinic,2023-03-17,90,15,12558.47,1130262.3,1
City Hospital,2023-03-18,73,13,16052.85,1171858.05,0
Metro Care,2023-03-18,68,11,13396.41,910955.88,0
Wellness Center,2023-03-18,83,12,13948.74,1157745.42,0
Green Clinic,2023-03-18,83,11,9247.85,767571.55,0
City Hospital,2023-03-19,78,12,9899.86,772189.08,0
Metro Care,2023-03-19,70,13,9895.57,692689.9,1
Wellness Center,2023-03-19,67,11,9091.97,609161.99,0
Green Clinic,2023-03-19,64,9,14148.28,905489.92,0
City Hospital,2023-03-20,69,14,8273.21,570851.49,0
Metro Care,2023-03-20,78,13,8383.36,653902.08,1
Wellness Center,2023-03-20,90,15,13851.48,1246633.2,0
Green Clinic,2023-03-20,86,12,9546.38,820988.68,0
City Hospital,2023-03-21,85,14,12279.07,1043720.95,0
Metro Care,2023-03-21,70,11,5551.01,388570.7,0
Wellness Center,2023-03-21,88,15,11143.76,980650.88,0
Green Clinic,2023-03-21,90,11,11210.64,1008957.6,0
City Hospital,2023-03-22,73,11,12665.42,924575.66,0
Metro Care,2023-03-22,73,16,9911.42,723533.66,0
Wellness Center,2023-03-22,77,9,20380.76,1569318.52,0
Green Clinic,2023-03-22,80,15,10503.62,840289.6,0
City Hospital,2023-03-23,97,11,13766.98,1335397.06,0
Metro Care,2023-03-23,84,8,8646.55,726310.2,0
Wellness Center,2023-03-23,75,9,12685.22,951391.5,0
Green Clinic,2023-03-23,72,13,14583.57,1050017.04,0
City Hospital,2023-03-24,89,15,12843.14,1143039.46,0
Metro Care,2023-03-24,68,4,12318.42,837652.56,0
Wellness Center,2023-03-24,83,11,11709.7,971905.1,0
Green Clinic,2023-03-24,97,13,10115.5,981203.5,0
City Hospital,2023-03-25,89,15,13101.61,1166043.29,0
Metro Care,2023-03-25,81,15,14894.95,1206490.95,0
Wellness Center,2023-03-25,78,9,11069.97,863457.66,0
Green Clinic,2023-03-25,94,12,8574.53,806005.82,1
City Hospital,2023-03-26,85,14,11988.11,1018989.35,0
Metro Care,2023-03-26,86,12,13922.53,1197337.58,0
Wellness Center,2023-03-26,70,9,11459.15,802140.5,0
Green Clinic,2023-03-26,89,15,15156.01,1348884.89,0
City Hospital,2023-03-27,73,11,7983.82,582818.86,1
Metro Care,2023-03-27,58,12,11953.87,693324.46,0
Wellness Center,2023-03-27,79,12,17104.25,1351235.75,0
Green Clinic,2023-03-27,89,13,10579.2,941548.8,0
City Hospital,2023-03-28,78,7,6468.41,504535.98,0
Metro Care,2023-03-28,88,17,9723.24,855645.12,0
Wellness Center,2023-03-28,84,11,7514.82,631244.88,0
Green Clinic,2023-03-28,85,12,12039.26,1023337.1,1
City Hospital,2023-03-29,80,15,12462.56,997004.8,0
Metro Care,2023-03-29,85,13,20173.23,1714724.55,0
Wellness Center,2023-03-29,70,9,11442.2,800954.0,0
Green Clinic,2023-03-29,74,10,11338.68,839062.32,0
City Hospital,2023-03-30,70,15,9663.18,676422.6,0
Metro Care,2023-03-30,92,12,11964.26,1100711.92,0
Wellness Center,2023-03-30,81,11,7197.0,582957.0,0
Green Clinic,2023-03-30,71,16,10415.92,739530.32,1
City Hospital,2023-03-31,67,9,13954.09,934924.03,0
Metro Care,2023-03-31,74,8,13581.95,1005064.3,1
Wellness Center,2023-03-31,73,7,9540.32,696443.36,1
Green Clinic,2023-03-31,100,14,10948.66,1094866.0,0
City Hospital,2023-04-01,96,13,12599.99,1209599.04,0
Metro Care,2023-04-01,73,5,16616.86,1213030.78,0
Wellness Center,2023-04-01,83,9,11965.94,993173.02,0
Green Clinic,2023-04-01,98,13,13429.88,1316128.24,0
City Hospital,2023-04-02,75,8,9662.89,724716.75,0
Metro Care,2023-04-02,62,7,12052.7,747267.4,0
Wellness Center,2023-04-02,89,15,13647.0,1214583.0,1
Green Clinic,2023-04-02,79,13,14349.42,1133604.18,0
City Hospital,2023-04-03,90,13,13280.61,1195254.9,0
Metro Care,2023-04-03,88,13,13077.12,1150786.56,0
Wellness Center,2023-04-03,86,8,10337.86,889055.96,0
Green Clinic,2023-04-03,84,17,7699.72,646776.48,0
City Hospital,2023-04-04,81,18,9873.33,799739.73,1
Metro Care,2023-04-04,89,13,13750.86,1223826.54,1
Wellness Center,2023-04-04,76,10,11271.29,856618.04,0
Green Clinic,2023-04-04,91,13,12514.21,1138793.11,0
City Hospital,2023-04-05,70,13,14860.27,1040218.9,0
Metro Care,2023-04-05,90,16,13063.95,1175755.5,1
Wellness Center,2023-04-05,82,10,14714.71,1206606.22,0
Green Clinic,2023-04-05,83,10,14159.32,1175223.56,0
City Hospital,2023-04-06,73,6,22435.34,1637779.82,0
Metro Care,2023-04-06,88,10,10540.65,927577.2,0
Wellness Center,2023-04-06,86,19,16135.6,1387661.6,0
Green Clinic,2023-04-06,78,13,9049.13,705832.14,1
City Hospital,2023-04-07,65,10,15733.32,1022665.8,0
Metro Care,2023-04-07,86,7,16458.4,1415422.4,0
Wellness Center,2023-04-07,69,11,11529.41,795529.29,0
Green Clinic,2023-04-07,89,18,11470.26,1020853.14,0
City Hospital,2023-04-08,89,7,11111.91,988959.99,0
Metro Care,2023-04-08,68,16,11594.3,788412.4,0
Wellness Center,2023-04-08,77,9,8986.13,691932.01,0
Green Clinic,2023-04-08,68,12,14803.22,1006618.96,0
City Hospital,2023-04-09,83,16,13791.44,1144689.52,0
Metro Care,2023-04-09,97,7,12460.26,1208645.22,0
Wellness Center,2023-04-09,82,14,8946.54,733616.28,0
Green Clinic,2023-04-09,82,14,13679.49,1121718.18,0
City Hospital,2023-04-10,91,13,14378.19,1308415.29,0
Metro Care,2023-04-10,84,8,13001.83,1092153.72,0
Wellness Center,2023-04-10,59,6,16531.03,975330.77,0
Green Clinic,2023-04-10,76,14,14228.32,1081352.32,0
City Hospital,2023-04-11,81,10,10010.26,810831.06,0
Metro Care,2023-04-11,72,12,11145.22,802455.84,1
Wellness Center,2023-04-11,77,13,20820.71,1603194.67,0
Green Clinic,2023-04-11,89,8,7343.73,653591.97,1
City Hospital,2023-04-12,64,5,13821.78,884593.92,0
Metro Care,2023-04-12,81,18,13381.32,1083886.92,0
Wellness Center,2023-04-12,68,11,10775.33,732722.44,0
Green Clinic,2023-04-12,86,17,6919.6,595085.6,0
City Hospital,2023-04-13,78,13,8473.99,660971.22,1
Metro Care,2023-04-13,80,14,17238.67,1379093.6,1
Wellness Center,2023-04-13,87,15,9627.5,837592.5,0
Green Clinic,2023-04-13,80,16,9036.34,722907.2,0
City Hospital,2023-04-14,76,10,11452.7,870405.2,1
Metro Care,2023-04-14,69,14,11620.77,801833.13,0
Wellness Center,2023-04-14,80,15,15541.9,1243352.0,0
Green Clinic,2023-04-14,83,8,9663.38,802060.54,0
City Hospital,2023-04-15,87,14,11517.16,1001992.92,0
Metro Care,2023-04-15,83,10,12209.4,1013380.2,0
Wellness Center,2023-04-15,72,14,15582.03,1121906.16,0
Green Clinic,2023-04-15,91,16,18732.28,1704637.48,0
City Hospital,2023-04-16,89,14,12160.87,1082317.43,0
Metro Care,2023-04-16,89,9,10614.87,944723.43,0
Wellness Center,2023-04-16,82,16,11540.36,946309.52,0
Green Clinic,2023-04-16,80,11,10136.4,810912.0,0
City Hospital,2023-04-17,85,12,14253.92,1211583.2,1
Metro Care,2023-04-17,81,15,10041.83,813388.23,0
Wellness Center,2023-04-17,95,20,16620.93,1578988.35,0
Green Clinic,2023-04-17,83,12,10684.81,886839.23,0
City Hospital,2023-04-18,89,16,10056.14,894996.46,1
Metro Care,2023-04-18,71,15,13360.36,948585.56,0
Wellness Center,2023-04-18,70,9,13003.63,910254.1,0
Green Clinic,2023-04-18,86,15,10798.74,928691.64,0
City Hospital,2023-04-19,81,15,11775.5,953815.5,0
Metro Care,2023-04-19,64,11,16823.85,1076726.4,0
Wellness Center,2023-04-19,64,10,10876.38,696088.32,0
Green Clinic,2023-04-19,90,10,13004.75,1170427.5,1
City Hospital,2023-04-20,97,22,17042.98,1653169.06,1
Metro Care,2023-04-20,81,8,7276.71,589413.51,0
Wellness Center,2023-04-20,70,10,15489.99,1084299.3,0
Green Clinic,2023-04-20,82,16,14205.83,1164878.06,1
City Hospital,2023-04-21,62,13,8908.18,552307.16,0
Metro Care,2023-04-21,66,8,12784.11,843751.26,0
Wellness Center,2023-04-21,68,10,14764.23,1003967.64,0
Green Clinic,2023-04-21,78,14,8181.05,638121.9,2
City Hospital,2023-04-22,83,14,7729.23,641526.09,0
Metro Care,2023-04-22,83,12,10828.42,898758.86,0
Wellness Center,2023-04-22,92,14,9685.52,891067.84,0
Green Clinic,2023-04-22,73,15,13749.97,1003747.81,0
City Hospital,2023-04-23,102,18,13642.47,1391531.94,1
Metro Care,2023-04-23,90,19,16517.49,1486574.1,0
Wellness Center,2023-04-23,75,13,4911.6,368370.0,1
Green Clinic,2023-04-23,95,20,13440.5,1276847.5,0
City Hospital,2023-04-24,72,7,13028.4,938044.8,0
Metro Care,2023-04-24,73,17,10863.41,793028.93,2
Wellness Center,2023-04-24,78,12,7410.72,578036.16,0
Green Clinic,2023-04-24,72,12,13140.39,946108.08,1
City Hospital,2023-04-25,83,18,10986.04,911841.32,1
Metro Care,2023-04-25,73,10,18458.05,1347437.65,0
Wellness Center,2023-04-25,88,14,14728.66,1296122.08,0
Green Clinic,2023-04-25,83,12,8612.68,714852.44,1
City Hospital,2023-04-26,79,9,9160.88,723709.52,0
Metro Care,2023-04-26,86,13,13282.04,1142255.44,0
Wellness Center,2023-04-26,84,13,9513.21,799109.64,0
Green Clinic,2023-04-26,78,17,6923.83,540058.74,0
City Hospital,2023-04-27,91,14,16995.21,1546564.11,0
Metro Care,2023-04-27,87,8,16838.46,1464946.02,0
Wellness Center,2023-04-27,82,14,11117.29,911617.78,0
Green Clinic,2023-04-27,71,12,14742.34,1046706.14,0
City Hospital,2023-04-28,67,12,11875.26,795642.42,0
Metro Care,2023-04-28,63,12,10572.16,666046.08,0
Wellness Center,2023-04-28,72,14,10695.96,770109.12,0
Green Clinic,2023-04-28,79,19,9765.44,771469.76,0
City Hospital,2023-04-29,75,10,5168.02,387601.5,0
Metro Care,2023-04-29,84,13,7959.34,668584.56,0
Wellness Center,2023-04-29,79,16,13051.36,1031057.44,0
Green Clinic,2023-04-29,87,15,11322.18,985029.66,0
City Hospital,2023-04-30,72,5,13711.8,987249.6,0
Metro Care,2023-04-30,58,9,15178.29,880340.82,0
Wellness Center,2023-04-30,106,17,15060.72,1596436.32,0
Green Clinic,2023-04-30,82,11,16496.96,1352750.72,0
City Hospital,2023-05-01,74,12,13253.83,980783.42,0
Metro Care,2023-05-01,74,11,16666.68,1233334.32,1
Wellness Center,2023-05-01,80,8,4739.1,379128.0,1
Green Clinic,2023-05-01,68,14,8283.19,563256.92,0
City Hospital,2023-05-02,93,10,12376.04,1150971.72,0
Metro Care,2023-05-02,88,9,7269.27,639695.76,1
Wellness Center,2023-05-02,102,17,14454.85,1474394.7,1
Green Clinic,2023-05-02,70,10,5686.66,398066.2,1
City Hospital,2023-05-03,73,10,7314.73,533975.29,0
Metro Care,2023-05-03,74,16,12043.81,891241.94,0
Wellness Center,2023-05-03,85,14,10622.07,902875.95,0
Green Clinic,2023-05-03,95,15,12424.38,1180316.1,1
City Hospital,2023-05-04,87,10,11943.1,1039049.7,0
Metro Care,2023-05-04,72,10,11344.12,816776.64,0
Wellness Center,2023-05-04,74,12,12972.14,959938.36,0
Green Clinic,2023-05-04,71,10,7806.09,554232.39,1
City Hospital,2023-05-05,90,11,12426.15,1118353.5,0
Metro Care,2023-05-05,72,9,12649.45,910760.4,0
Wellness Center,2023-05-05,80,8,14453.58,1156286.4,1
Green Clinic,2023-05-05,80,12,11373.82,909905.6,2
City Hospital,2023-05-06,88,10,12005.68,1056499.84,1
Metro Care,2023-05-06,71,11,11431.89,811664.19,0
Wellness Center,2023-05-06,76,7,11636.61,884382.36,0
Green Clinic,2023-05-06,62,9,9407.01,583234.62,2
City Hospital,2023-05-07,63,7,15516.37,977531.31,1
Metro Care,2023-05-07,94,9,8256.14,776077.16,0
Wellness Center,2023-05-07,78,15,4351.57,339422.46,0
Green Clinic,2023-05-07,75,10,15601.57,1170117.75,1
City Hospital,2023-05-08,83,16,9459.36,785126.88,0
Metro Care,2023-05-08,92,12,13295.31,1223168.52,1
Wellness Center,2023-05-08,73,16,17282.11,1261594.03,1
Green Clinic,2023-05-08,71,15,6010.57,426750.47,0
City Hospital,2023-05-09,82,21,15558.76,1275818.32,0
Metro Care,2023-05-09,79,10,15394.71,1216182.09,0
Wellness Center,2023-05-09,92,16,13249.12,1218919.04,0
Green Clinic,2023-05-09,79,12,13808.82,1090896.78,0
City Hospital,2023-05-10,78,15,10344.62,806880.36,0
Metro Care,2023-05-10,75,11,8990.37,674277.75,0
Wellness Center,2023-05-10,77,16,14406.0,1109262.0,0
Green Clinic,2023-05-10,77,10,20555.15,1582746.55,1
City Hospital,2023-05-11,77,14,10402.78,801014.06,1
Metro Care,2023-05-11,86,12,15228.99,1309693.14,1
Wellness Center,2023-05-11,77,11,5954.43,458491.11,0
Green Clinic,2023-05-11,81,18,15531.93,1258086.33,0
City Hospital,2023-05-12,69,12,10044.17,693047.73,1
Metro Care,2023-05-12,65,14,8823.02,573496.3,0
Wellness Center,2023-05-12,85,10,6706.29,570034.65,0
Green Clinic,2023-05-12,90,16,9825.05,884254.5,0
City Hospital,2023-05-13,77,8,12566.8,967643.6,0
Metro Care,2023-05-13,61,11,9144.63,557822.43,0
Wellness Center,2023-05-13,79,11,14116.28,1115186.12,1
Green Clinic,2023-05-13,86,11,12536.09,1078103.74,0
City Hospital,2023-05-14,74,11,12273.11,908210.14,0
Metro Care,2023-05-14,80,11,10243.93,819514.4,0
Wellness Center,2023-05-14,86,12,16785.24,1443530.64,0
Green Clinic,2023-05-14,83,7,9813.12,814488.96,0
City Hospital,2023-05-15,84,7,13370.45,1123117.8,0
Metro Care,2023-05-15,78,11,10894.25,849751.5,0
Wellness Center,2023-05-15,73,6,12808.41,935013.93,0
Green Clinic,2023-05-15,66,7,11921.1,786792.6,0
City Hospital,2023-05-16,83,19,10294.0,854402.0,0
Metro Care,2023-05-16,85,15,6389.3,543090.5,0
Wellness Center,2023-05-16,77,11,16912.1,1302231.7,0
Green Clinic,2023-05-16,93,15,12817.13,1191993.09,0
City Hospital,2023-05-17,80,10,12096.15,967692.0,0
Metro Care,2023-05-17,81,11,9764.93,790959.33,0
Wellness Center,2023-05-17,85,16,13029.01,1107465.85,0
Green Clinic,2023-05-17,70,12,12672.44,887070.8,0
City Hospital,2023-05-18,74,13,13149.83,973087.42,0
Metro Care,2023-05-18,79,10,12023.54,949859.66,0
Wellness Center,2023-05-18,85,18,10611.35,901964.75,0
Green Clinic,2023-05-18,81,17,14315.49,1159554.69,0
City Hospital,2023-05-19,93,21,10550.7,981215.1,0
Metro Care,2023-05-19,92,20,13311.52,1224659.84,1
Wellness Center,2023-05-19,82,11,13665.17,1120543.94,0
Green Clinic,2023-05-19,93,15,11263.32,1047488.76,0
City Hospital,2023-05-20,66,17,15579.98,1028278.68,1
Metro Care,2023-05-20,94,11,13035.76,1225361.44,0
Wellness Center,2023-05-20,90,15,9092.74,818346.6,0
Green Clinic,2023-05-20,82,14,12629.03,1035580.46,0
City Hospital,2023-05-21,62,11,12952.9,803079.8,0
Metro Care,2023-05-21,89,8,14490.6,1289663.4,0
Wellness Center,2023-05-21,76,8,12652.18,961565.68,0
Green Clinic,2023-05-21,81,10,15281.11,1237769.91,1
City Hospital,2023-05-22,75,12,13870.99,1040324.25,1
Metro Care,2023-05-22,80,9,14113.8,1129104.0,1
Wellness Center,2023-05-22,80,13,10434.88,834790.4,0
Green Clinic,2023-05-22,87,16,11690.25,1017051.75,0
City Hospital,2023-05-23,76,10,3863.18,293601.68,0
Metro Care,2023-05-23,65,10,8836.28,574358.2,0
Wellness Center,2023-05-23,90,11,12519.85,1126786.5,0
Green Clinic,2023-05-23,71,10,9330.61,662473.31,0
City Hospital,2023-05-24,74,8,18819.08,1392611.92,0
Metro Care,2023-05-24,79,13,8526.71,673610.09,0
Wellness Center,2023-05-24,99,16,5680.33,562352.67,0
Green Clinic,2023-05-24,81,11,13248.46,1073125.26,0
City Hospital,2023-05-25,85,17,16317.86,1387018.1,1
Metro Care,2023-05-25,93,15,14743.65,1371159.45,0
Wellness Center,2023-05-25,82,21,9790.93,802856.26,2
Green Clinic,2023-05-25,68,12,11856.54,806244.72,1
City Hospital,2023-05-26,83,11,15366.28,1275401.24,0
Metro Care,2023-05-26,79,14,13303.49,1050975.71,0
Wellness Center,2023-05-26,70,10,15999.82,1119987.4,0
Green Clinic,2023-05-26,69,7,15987.43,1103132.67,0
City Hospital,2023-05-27,82,12,7088.17,581229.94,0
Metro Care,2023-05-27,90,11,11968.15,1077133.5,0
Wellness Center,2023-05-27,75,13,14242.49,1068186.75,1
Green Clinic,2023-05-27,81,13,13658.57,1106344.17,0
City Hospital,2023-05-28,88,12,11811.06,1039373.28,0
Metro Care,2023-05-28,88,9,10399.76,915178.88,0
Wellness Center,2023-05-28,76,13,9467.32,719516.32,0
Green Clinic,2023-05-28,76,13,8727.11,663260.36,0
City Hospital,2023-05-29,85,16,13152.75,1117983.75,0
Metro Care,2023-05-29,85,14,10307.46,876134.1,0
Wellness Center,2023-05-29,98,11,15083.95,1478227.1,0
Green Clinic,2023-05-29,76,11,9709.86,737949.36,0
City Hospital,2023-05-30,85,13,10991.11,934244.35,0
Metro Care,2023-05-30,55,8,5327.79,293028.45,0
Wellness Center,2023-05-30,71,11,10842.74,769834.54,0
Green Clinic,2023-05-30,77,19,17169.59,1322058.43,0
City Hospital,2023-05-31,76,9,13691.2,1040531.2,0
Metro Care,2023-05-31,84,13,6354.98,533818.32,0
Wellness Center,2023-05-31,95,9,12273.35,1165968.25,0
Green Clinic,2023-05-31,75,13,13923.74,1044280.5,0
City Hospital,2023-06-01,100,10,19979.06,1997906.0,1
Metro Care,2023-06-01,84,14,12717.65,1068282.6,0
Wellness Center,2023-06-01,73,13,13591.74,992197.02,0
Green Clinic,2023-06-01,74,9,9848.95,728822.3,0
City Hospital,2023-06-02,87,11,11970.86,1041464.82,0
Metro Care,2023-06-02,68,12,11608.1,789350.8,0
Wellness Center,2023-06-02,80,11,17598.66,1407892.8,0
Green Clinic,2023-06-02,55,12,18397.7,1011873.5,1
City Hospital,2023-06-03,84,18,12029.64,1010489.76,0
Metro Care,2023-06-03,76,12,9742.03,740394.28,0
Wellness Center,2023-06-03,81,17,14990.68,1214245.08,0
Green Clinic,2023-06-03,75,10,7714.18,578563.5,0
City Hospital,2023-06-04,76,10,14111.91,1072505.16,0
Metro Care,2023-06-04,82,10,11083.79,908870.78,0
Wellness Center,2023-06-04,76,10,12436.06,945140.56,1
Green Clinic,2023-06-04,75,6,16060.72,1204554.0,0
City Hospital,2023-06-05,79,6,7562.29,597420.91,0
Metro Care,2023-06-05,67,7,14705.73,985283.91,0
Wellness Center,2023-06-05,86,16,10205.87,877704.82,1
Green Clinic,2023-06-05,80,15,14221.05,1137684.0,1
City Hospital,2023-06-06,78,8,11231.17,876031.26,0
Metro Care,2023-06-06,91,10,9138.97,831646.27,0
Wellness Center,2023-06-06,79,8,19183.11,1515465.69,0
Green Clinic,2023-06-06,69,15,10301.33,710791.77,0
City Hospital,2023-06-07,87,18,15612.35,1358274.45,0
Metro Care,2023-06-07,76,13,9952.68,756403.68,1
Wellness Center,2023-06-07,89,16,10358.77,921930.53,0
Green Clinic,2023-06-07,89,8,12746.52,1134440.28,0
City Hospital,2023-06-08,94,15,9568.28,899418.32,1
Metro Care,2023-06-08,85,11,11605.38,986457.3,1
Wellness Center,2023-06-08,67,11,13100.05,877703.35,0
Green Clinic,2023-06-08,60,5,7625.14,457508.4,0
City Hospital,2023-06-09,106,20,10703.99,1134622.94,0
Metro Care,2023-06-09,87,14,16119.56,1402401.72,0
Wellness Center,2023-06-09,79,10,6904.76,545476.04,0
Green Clinic,2023-06-09,74,12,11737.21,868553.54,1
City Hospital,2023-06-10,71,14,11714.18,831706.78,0
Metro Care,2023-06-10,92,16,10417.13,958375.96,0
Wellness Center,2023-06-10,73,7,15788.14,1152534.22,1
Green Clinic,2023-06-10,63,8,16790.71,1057814.73,0
City Hospital,2023-06-11,79,13,6257.31,494327.49,0
Metro Care,2023-06-11,91,15,9973.73,907609.43,0
Wellness Center,2023-06-11,104,16,11375.41,1183042.64,1
Green Clinic,2023-06-11,76,11,12277.64,933100.64,1
City Hospital,2023-06-12,89,19,10884.72,968740.08,1
Metro Care,2023-06-12,81,8,16469.08,1333995.48,1
Wellness Center,2023-06-12,77,19,9818.43,756019.11,0
Green Clinic,2023-06-12,89,13,14255.25,1268717.25,0
City Hospital,2023-06-13,66,15,14155.81,934283.46,0
Metro Care,2023-06-13,81,16,9262.73,750281.13,1
Wellness Center,2023-06-13,99,15,11822.75,1170452.25,0
Green Clinic,2023-06-13,97,16,6885.56,667899.32,1
City Hospital,2023-06-14,60,7,10330.93,619855.8,0
Metro Care,2023-06-14,83,8,7431.9,616847.7,0
Wellness Center,2023-06-14,76,14,13865.03,1053742.28,0
Green Clinic,2023-06-14,71,12,7322.08,519867.68,0
City Hospital,2023-06-15,86,6,12202.31,1049398.66,0
Metro Care,2023-06-15,83,14,10081.08,836729.64,0
Wellness Center,2023-06-15,87,14,11966.45,1041081.15,0
Green Clinic,2023-06-15,75,12,13421.7,1006627.5,0
City Hospital,2023-06-16,81,6,11112.63,900123.03,0
Metro Care,2023-06-16,71,12,10841.86,769772.06,0
Wellness Center,2023-06-16,86,13,7287.13,626693.18,0
Green Clinic,2023-06-16,98,16,12634.55,1238185.9,0
City Hospital,2023-06-17,74,16,10553.72,780975.28,0
Metro Care,2023-06-17,79,9,9538.14,753513.06,0
Wellness Center,2023-06-17,81,11,13722.42,1111516.02,0
Green Clinic,2023-06-17,80,16,10250.39,820031.2,0
City Hospital,2023-06-18,88,9,7487.91,658936.08,0
Metro Care,2023-06-18,82,9,16499.01,1352918.82,0
Wellness Center,2023-06-18,81,14,8798.52,712680.12,1
Green Clinic,2023-06-18,83,15,13153.64,1091752.12,0
City Hospital,2023-06-19,74,8,12771.83,945115.42,0
Metro Care,2023-06-19,76,16,10229.91,777473.16,0
Wellness Center,2023-06-19,63,8,13334.83,840094.29,0
Green Clinic,2023-06-19,65,11,9969.09,647990.85,0
City Hospital,2023-06-20,84,15,9169.9,770271.6,0
Metro Care,2023-06-20,71,14,17698.04,1256560.84,0
Wellness Center,2023-06-20,67,12,12538.32,840067.44,0
Green Clinic,2023-06-20,82,12,7646.38,627003.16,0
City Hospital,2023-06-21,71,14,13459.76,955642.96,1
Metro Care,2023-06-21,99,9,11542.09,1142666.91,1
Wellness Center,2023-06-21,82,10,10976.28,900054.96,0
Green Clinic,2023-06-21,69,7,13220.73,912230.37,0
City Hospital,2023-06-22,85,17,13049.79,1109232.15,0
Metro Care,2023-06-22,67,12,14083.03,943563.01,0
Wellness Center,2023-06-22,88,14,8497.55,747784.4,0
Green Clinic,2023-06-22,68,5,7318.14,497633.52,0
City Hospital,2023-06-23,84,8,11577.13,972478.92,0
Metro Care,2023-06-23,70,15,16713.4,1169938.0,0
Wellness Center,2023-06-23,92,7,11038.76,1015565.92,0
Green Clinic,2023-06-23,71,8,15232.36,1081497.56,0
City Hospital,2023-06-24,96,24,14042.03,1348034.88,2
Metro Care,2023-06-24,87,15,7460.37,649052.19,0
Wellness Center,2023-06-24,74,12,12167.46,900392.04,2
Green Clinic,2023-06-24,80,14,12266.99,981359.2,1
City Hospital,2023-06-25,81,15,10266.6,831594.6,1
Metro Care,2023-06-25,99,12,13377.43,1324365.57,0
Wellness Center,2023-06-25,70,12,14353.21,1004724.7,0
Green Clinic,2023-06-25,80,19,15059.3,1204744.0,2
City Hospital,2023-06-26,93,16,9238.55,859185.15,1
Metro Care,2023-06-26,85,14,12684.05,1078144.25,0
Wellness Center,2023-06-26,81,13,8550.7,692606.7,0
Green Clinic,2023-06-26,78,13,15314.69,1194545.82,2
City Hospital,2023-06-27,81,9,18381.01,1488861.81,0
Metro Care,2023-06-27,68,13,13697.81,931451.08,0
Wellness Center,2023-06-27,67,14,15921.74,1066756.58,0
Green Clinic,2023-06-27,83,13,13780.12,1143749.96,0
City Hospital,2023-06-28,80,10,20322.4,1625792.0,0
Metro Care,2023-06-28,75,7,11586.39,868979.25,0
Wellness Center,2023-06-28,76,11,10678.71,811581.96,1
Green Clinic,2023-06-28,81,14,17535.36,1420364.16,0
City Hospital,2023-06-29,97,21,12297.37,1192844.89,0
Metro Care,2023-06-29,75,11,11900.65,892548.75,1
Wellness Center,2023-06-29,90,8,14173.81,1275642.9,0
Green Clinic,2023-06-29,67,9,15167.66,1016233.22,0
City Hospital,2023-06-30,87,12,10015.05,871309.35,0
Metro Care,2023-06-30,85,20,14617.68,1242502.8,2
Wellness Center,2023-06-30,68,13,8699.41,591559.88,0
Green Clinic,2023-06-30,77,12,15379.13,1184193.01,0
City Hospital,2023-07-01,83,13,10926.58,906906.14,0
Metro Care,2023-07-01,80,16,14814.37,1185149.6,0
Wellness Center,2023-07-01,87,9,7439.47,647233.89,0
Green Clinic,2023-07-01,88,13,6668.3,586810.4,0
City Hospital,2023-07-02,85,12,11056.44,939797.4,0
Metro Care,2023-07-02,61,10,8926.45,544513.45,0
Wellness Center,2023-07-02,93,18,15989.47,1487020.71,0
Green Clinic,2023-07-02,66,15,11456.54,756131.64,0
City Hospital,2023-07-03,86,15,14195.85,1220843.1,0
Metro Care,2023-07-03,76,15,12825.1,974707.6,0
Wellness Center,2023-07-03,66,11,10290.07,679144.62,0
Green Clinic,2023-07-03,87,16,13933.32,1212198.84,0
City Hospital,2023-07-04,75,14,8567.86,642589.5,0
Metro Care,2023-07-04,79,14,13049.15,1030882.85,1
Wellness Center,2023-07-04,83,15,14410.42,1196064.86,0
Green Clinic,2023-07-04,65,13,8198.65,532912.25,0
City Hospital,2023-07-05,80,9,13336.09,1066887.2,0
Metro Care,2023-07-05,74,8,6717.01,497058.74,0
Wellness Center,2023-07-05,67,9,10083.8,675614.6,0
Green Clinic,2023-07-05,85,15,18377.74,1562107.9,0
City Hospital,2023-07-06,86,11,8693.47,747638.42,0
Metro Care,2023-07-06,85,13,12398.51,1053873.35,0
Wellness Center,2023-07-06,78,12,15030.26,1172360.28,0
Green Clinic,2023-07-06,90,11,11298.2,1016838.0,0
City Hospital,2023-07-07,85,16,7267.55,617741.75,0
Metro Care,2023-07-07,79,7,12015.92,949257.68,0
Wellness Center,2023-07-07,75,12,11252.64,843948.0,0
Green Clinic,2023-07-07,78,12,10760.39,839310.42,0
City Hospital,2023-07-08,65,9,14022.23,911444.95,0
Metro Care,2023-07-08,89,12,17441.48,1552291.72,0
Wellness Center,2023-07-08,78,9,12412.06,968140.68,1
Green Clinic,2023-07-08,96,15,10820.07,1038726.72,1
City Hospital,2023-07-09,75,5,9327.41,699555.75,0
Metro Care,2023-07-09,93,17,14780.51,1374587.43,0
Wellness Center,2023-07-09,96,12,11270.15,1081934.4,1
Green Clinic,2023-07-09,54,5,8644.89,466824.06,0
City Hospital,2023-07-10,73,13,9853.27,719288.71,0
Metro Care,2023-07-10,82,12,16488.45,1352052.9,1
Wellness Center,2023-07-10,89,11,14766.55,1314222.95,0
Green Clinic,2023-07-10,94,9,15190.0,1427860.0,0
City Hospital,2023-07-11,87,11,10128.86,881210.82,0
Metro Care,2023-07-11,83,14,12372.68,1026932.44,0
Wellness Center,2023-07-11,85,11,11132.84,946291.4,0
Green Clinic,2023-07-11,74,9,8621.05,637957.7,0
City Hospital,2023-07-12,67,7,15241.17,1021158.39,1
Metro Care,2023-07-12,86,13,10405.12,894840.32,0
Wellness Center,2023-07-12,100,10,14003.95,1400395.0,0
Green Clinic,2023-07-12,88,10,8770.3,771786.4,0
City Hospital,2023-07-13,100,19,10845.26,1084526.0,0
Metro Care,2023-07-13,72,6,12061.99,868463.28,0
Wellness Center,2023-07-13,82,11,11229.39,920809.98,0
Green Clinic,2023-07-13,81,11,9676.19,783771.39,1
City Hospital,2023-07-14,85,8,15837.75,1346208.75,0
Metro Care,2023-07-14,87,9,12847.28,1117713.36,0
Wellness Center,2023-07-14,78,8,10000.9,780070.2,0
Green Clinic,2023-07-14,98,11,17804.54,1744844.92,0
City Hospital,2023-07-15,90,13,7479.09,673118.1,0
Metro Care,2023-07-15,84,11,10064.54,845421.36,0
Wellness Center,2023-07-15,95,14,4983.11,473395.45,0
Green Clinic,2023-07-15,75,8,12293.14,921985.5,1
City Hospital,2023-07-16,73,9,13609.09,993463.57,0
Metro Care,2023-07-16,69,10,13072.13,901976.97,0
Wellness Center,2023-07-16,78,19,13100.06,1021804.68,0
Green Clinic,2023-07-16,79,9,9614.49,759544.71,0
City Hospital,2023-07-17,90,13,7951.8,715662.0,1
Metro Care,2023-07-17,82,12,13713.01,1124466.82,0
Wellness Center,2023-07-17,83,14,9021.39,748775.37,0
Green Clinic,2023-07-17,81,13,9800.34,793827.54,0
City Hospital,2023-07-18,94,10,15259.61,1434403.34,0
Metro Care,2023-07-18,90,13,12700.95,1143085.5,0
Wellness Center,2023-07-18,90,15,7045.82,634123.8,0
Green Clinic,2023-07-18,90,7,14457.06,1301135.4,0
City Hospital,2023-07-19,78,16,8089.53,630983.34,0
Metro Care,2023-07-19,86,14,9835.82,845880.52,1
Wellness Center,2023-07-19,79,10,12748.84,1007158.36,1
Green Clinic,2023-07-19,74,11,14373.32,1063625.68,0
City Hospital,2023-07-20,79,13,16202.26,1279978.54,0
Metro Care,2023-07-20,92,10,13376.41,1230629.72,0
Wellness Center,2023-07-20,79,17,9584.62,757184.98,0
Green Clinic,2023-07-20,86,17,11603.24,997878.64,0
City Hospital,2023-07-21,85,15,14489.23,1231584.55,0
Metro Care,2023-07-21,80,16,12660.01,1012800.8,0
Wellness Center,2023-07-21,88,17,11421.3,1005074.4,0
Green Clinic,2023-07-21,85,14,11142.28,947093.8,0
City Hospital,2023-07-22,76,12,11361.69,863488.44,0
Metro Care,2023-07-22,77,12,9667.48,744395.96,0
Wellness Center,2023-07-22,74,17,13947.04,1032080.96,0
Green Clinic,2023-07-22,80,13,13302.95,1064236.0,0
City Hospital,2023-07-23,87,11,10207.14,888021.18,0
Metro Care,2023-07-23,77,13,11447.7,881472.9,0
Wellness Center,2023-07-23,74,13,11649.5,862063.0,0
Green Clinic,2023-07-23,72,12,14223.02,1024057.44,2
City Hospital,2023-07-24,100,12,12038.72,1203872.0,0
Metro Care,2023-07-24,88,9,8478.46,746104.48,0
Wellness Center,2023-07-24,70,9,7207.24,504506.8,1
Green Clinic,2023-07-24,73,10,8562.39,625054.47,1
City Hospital,2023-07-25,89,14,9703.4,863602.6,0
Metro Care,2023-07-25,82,7,10119.74,829818.68,0
Wellness Center,2023-07-25,79,11,9002.73,711215.67,0
Green Clinic,2023-07-25,69,5,17726.9,1223156.1,0
City Hospital,2023-07-26,82,9,6191.52,507704.64,1
Metro Care,2023-07-26,82,18,9223.15,756298.3,1
Wellness Center,2023-07-26,76,11,10834.93,823454.68,0
Green Clinic,2023-07-26,76,9,11070.81,841381.56,0
City Hospital,2023-07-27,79,12,13281.52,1049240.08,1
Metro Care,2023-07-27,82,18,14465.25,1186150.5,0
Wellness Center,2023-07-27,81,12,17355.86,1405824.66,0
Green Clinic,2023-07-27,83,12,9390.76,779433.08,0
City Hospital,2023-07-28,86,11,13258.98,1140272.28,0
Metro Care,2023-07-28,90,9,9994.35,899491.5,3
Wellness Center,2023-07-28,89,9,11116.97,989410.33,0
Green Clinic,2023-07-28,103,13,10572.23,1088939.69,0
City Hospital,2023-07-29,84,13,8335.69,700197.96,1
Metro Care,2023-07-29,87,9,17399.97,1513797.39,0
Wellness Center,2023-07-29,86,14,14532.97,1249835.42,1
Green Clinic,2023-07-29,73,8,11077.21,808636.33,0
City Hospital,2023-07-30,85,13,14254.79,1211657.15,0
Metro Care,2023-07-30,80,16,14655.79,1172463.2,0
Wellness Center,2023-07-30,94,13,5568.41,523430.54,0
Green Clinic,2023-07-30,70,14,13136.77,919573.9,0
City Hospital,2023-07-31,78,8,13239.17,1032655.26,0
Metro Care,2023-07-31,84,17,7949.97,667797.48,0
Wellness Center,2023-07-31,78,9,15285.88,1192298.64,0
Green Clinic,2023-07-31,93,16,11064.41,1028990.13,0
City Hospital,2023-08-01,85,13,13506.27,1148032.95,0
Metro Care,2023-08-01,62,10,9917.15,614863.3,0
Wellness Center,2023-08-01,93,10,12497.25,1162244.25,0
Green Clinic,2023-08-01,76,12,14758.77,1121666.52,0
City Hospital,2023-08-02,76,17,11922.42,906103.92,2
Metro Care,2023-08-02,73,14,16196.21,1182323.33,0
Wellness Center,2023-08-02,76,16,12160.58,924204.08,0
Green Clinic,2023-08-02,90,13,10227.22,920449.8,0
City Hospital,2023-08-03,76,12,12864.54,977705.04,0
Metro Care,2023-08-03,87,16,15316.79,1332560.73,0
Wellness Center,2023-08-03,84,11,12556.18,1054719.12,0
Green Clinic,2023-08-03,78,15,13327.94,1039579.32,0
City Hospital,2023-08-04,76,12,11370.47,864155.72,0
Metro Care,2023-08-04,75,15,15075.33,1130649.75,0
Wellness Center,2023-08-04,102,15,6871.72,700915.44,0
Green Clinic,2023-08-04,85,13,7379.12,627225.2,0
City Hospital,2023-08-05,71,12,18511.59,1314322.89,1
Metro Care,2023-08-05,84,14,11408.22,958290.48,0
Wellness Center,2023-08-05,101,15,8007.45,808752.45,0
Green Clinic,2023-08-05,89,14,13478.57,1199592.73,0
City Hospital,2023-08-06,87,14,8280.8,720429.6,0
Metro Care,2023-08-06,90,18,11528.54,1037568.6,0
Wellness Center,2023-08-06,84,14,11615.23,975679.32,0
Green Clinic,2023-08-06,67,5,10784.09,722534.03,0
City Hospital,2023-08-07,80,8,10358.87,828709.6,0
Metro Care,2023-08-07,97,13,9664.25,937432.25,0
Wellness Center,2023-08-07,80,9,11475.72,918057.6,0
Green Clinic,2023-08-07,89,10,16163.25,1438529.25,0
City Hospital,2023-08-08,82,21,7469.18,612472.76,0
Metro Care,2023-08-08,73,14,11108.98,810955.54,0
Wellness Center,2023-08-08,86,10,12685.6,1090961.6,1
Green Clinic,2023-08-08,78,14,7614.55,593934.9,1
City Hospital,2023-08-09,84,13,11342.13,952738.92,1
Metro Care,2023-08-09,84,14,13770.15,1156692.6,0
Wellness Center,2023-08-09,88,10,14073.77,1238491.76,0
Green Clinic,2023-08-09,72,15,12846.92,924978.24,0
City Hospital,2023-08-10,81,15,7994.89,647586.09,0
Metro Care,2023-08-10,84,8,8523.2,715948.8,0
Wellness Center,2023-08-10,85,13,12921.93,1098364.05,0
Green Clinic,2023-08-10,63,12,18304.1,1153158.3,0
City Hospital,2023-08-11,64,8,15478.65,990633.6,0
Metro Care,2023-08-11,87,13,10978.7,955146.9,0
Wellness Center,2023-08-11,89,14,11743.41,1045163.49,0
Green Clinic,2023-08-11,72,10,11327.12,815552.64,0
City Hospital,2023-08-12,92,14,3463.72,318662.24,0
Metro Care,2023-08-12,89,16,9780.39,870454.71,1
Wellness Center,2023-08-12,87,14,11954.3,1040024.1,0
Green Clinic,2023-08-12,74,14,16456.32,1217767.68,0
City Hospital,2023-08-13,86,8,10392.44,893749.84,0
Metro Care,2023-08-13,78,17,18016.6,1405294.8,2
Wellness Center,2023-08-13,78,14,8777.42,684638.76,0
Green Clinic,2023-08-13,86,21,7867.93,676641.98,1
City Hospital,2023-08-14,78,11,11446.04,892791.12,1
Metro Care,2023-08-14,71,14,11205.71,795605.41,0
Wellness Center,2023-08-14,84,9,5954.05,500140.2,0
Green Clinic,2023-08-14,80,9,11216.36,897308.8,0
City Hospital,2023-08-15,87,16,15254.17,1327112.79,0
Metro Care,2023-08-15,84,13,16467.39,1383260.76,0
Wellness Center,2023-08-15,80,11,9910.17,792813.6,0
Green Clinic,2023-08-15,76,13,11054.91,840173.16,0
City Hospital,2023-08-16,94,12,13353.16,1255197.04,2
Metro Care,2023-08-16,90,9,8784.49,790604.1,0
Wellness Center,2023-08-16,88,13,13777.4,1212411.2,0
Green Clinic,2023-08-16,82,11,16151.65,1324435.3,1
City Hospital,2023-08-17,63,15,7667.02,483022.26,0
Metro Care,2023-08-17,73,2,13101.28,956393.44,0
Wellness Center,2023-08-17,68,12,8146.36,553952.48,0
Green Clinic,2023-08-17,67,12,8358.6,560026.2,0
City Hospital,2023-08-18,89,11,13152.81,1170600.09,0
Metro Care,2023-08-18,76,6,15332.93,1165302.68,0
Wellness Center,2023-08-18,77,9,7145.72,550220.44,0
Green Clinic,2023-08-18,69,11,11676.62,805686.78,0
City Hospital,2023-08-19,94,20,10361.42,973973.48,0
Metro Care,2023-08-19,85,13,11474.19,975306.15,1
Wellness Center,2023-08-19,78,15,8446.26,658808.28,1
Green Clinic,2023-08-19,81,11,16193.11,1311641.91,0
City Hospital,2023-08-20,86,11,14862.12,1278142.32,0
Metro Care,2023-08-20,84,11,9765.88,820333.92,0
Wellness Center,2023-08-20,76,11,12136.97,922409.72,1
Green Clinic,2023-08-20,84,14,14415.77,1210924.68,0
City Hospital,2023-08-21,82,13,11342.48,930083.36,0
Metro Care,2023-08-21,79,14,13421.98,1060336.42,0
Wellness Center,2023-08-21,55,6,11218.22,617002.1,0
Green Clinic,2023-08-21,95,15,12631.87,1200027.65,1
City Hospital,2023-08-22,95,14,6093.66,578897.7,0
Metro Care,2023-08-22,71,8,10812.1,767659.1,0
Wellness Center,2023-08-22,79,9,13810.09,1090997.11,0
Green Clinic,2023-08-22,82,12,14544.96,1192686.72,0
City Hospital,2023-08-23,69,12,16922.81,1167673.89,0
Metro Care,2023-08-23,79,10,10752.84,849474.36,0
Wellness Center,2023-08-23,76,13,16951.21,1288291.96,1
Green Clinic,2023-08-23,63,6,10026.02,631639.26,0
City Hospital,2023-08-24,85,13,11259.88,957089.8,1
Metro Care,2023-08-24,74,15,9755.91,721937.34,0
Wellness Center,2023-08-24,80,7,14760.8,1180864.0,0
Green Clinic,2023-08-24,79,8,11813.17,933240.43,0
City Hospital,2023-08-25,81,14,11035.78,893898.18,0
Metro Care,2023-08-25,74,11,10602.74,784602.76,0
Wellness Center,2023-08-25,78,18,10692.02,833977.56,0
Green Clinic,2023-08-25,95,15,9739.17,925221.15,0
City Hospital,2023-08-26,84,15,9100.58,764448.72,0
Metro Care,2023-08-26,74,9,14093.6,1042926.4,0
Wellness Center,2023-08-26,78,13,9657.72,753302.16,0
Green Clinic,2023-08-26,79,13,11462.45,905533.55,1
City Hospital,2023-08-27,81,10,9755.87,790225.47,0
Metro Care,2023-08-27,82,11,10890.63,893031.66,0
Wellness Center,2023-08-27,86,15,16015.86,1377363.96,2
Green Clinic,2023-08-27,90,12,17218.74,1549686.6,0
City Hospital,2023-08-28,97,16,8552.39,829581.83,0
Metro Care,2023-08-28,90,15,17346.79,1561211.1,0
Wellness Center,2023-08-28,90,16,13057.85,1175206.5,0
Green Clinic,2023-08-28,87,16,11522.31,1002440.97,1
City Hospital,2023-08-29,83,10,13496.16,1120181.28,0
Metro Care,2023-08-29,79,7,9954.83,786431.57,0
Wellness Center,2023-08-29,69,9,9875.05,681378.45,0
Green Clinic,2023-08-29,72,13,12015.06,865084.32,0
City Hospital,2023-08-30,69,7,13125.97,905691.93,0
Metro Care,2023-08-30,81,15,15029.85,1217417.85,1
Wellness Center,2023-08-30,86,14,6810.72,585721.92,0
Green Clinic,2023-08-30,81,13,15186.93,1230141.33,0
City Hospital,2023-08-31,85,13,13563.41,1152889.85,0
Metro Care,2023-08-31,86,8,13766.65,1183931.9,0
Wellness Center,2023-08-31,92,16,8048.51,740462.92,0
Green Clinic,2023-08-31,80,12,10458.1,836648.0,0
City Hospital,2023-09-01,76,8,5385.22,409276.72,0
Metro Care,2023-09-01,72,18,15249.19,1097941.68,0
Wellness Center,2023-09-01,86,15,13695.94,1177850.84,0
Green Clinic,2023-09-01,81,9,10972.86,888801.66,0
City Hospital,2023-09-02,93,12,13032.11,1211986.23,0
Metro Care,2023-09-02,84,7,15310.42,1286075.28,0
Wellness Center,2023-09-02,89,9,17531.21,1560277.69,0
Green Clinic,2023-09-02,86,20,6646.0,571556.0,0
City Hospital,2023-09-03,75,9,9051.58,678868.5,0
Metro Care,2023-09-03,72,14,17672.02,1272385.44,1
Wellness Center,2023-09-03,69,13,17193.06,1186321.14,0
Green Clinic,2023-09-03,85,14,10398.24,883850.4,0
City Hospital,2023-09-04,74,10,16947.9,1254144.6,1
Metro Care,2023-09-04,97,12,12778.05,1239470.85,0
Wellness Center,2023-09-04,75,17,15374.46,1153084.5,1
Green Clinic,2023-09-04,67,11,14727.73,986757.91,0
City Hospital,2023-09-05,79,17,14620.5,1155019.5,0
Metro Care,2023-09-05,93,19,11940.54,1110470.22,0
Wellness Center,2023-09-05,75,5,13223.78,991783.5,1
Green Clinic,2023-09-05,85,11,12635.36,1074005.6,0
City Hospital,2023-09-06,80,6,13464.24,1077139.2,0
Metro Care,2023-09-06,65,9,17294.44,1124138.6,0
Wellness Center,2023-09-06,77,14,12647.74,973875.98,0
Green Clinic,2023-09-06,85,19,15813.49,1344146.65,0
City Hospital,2023-09-07,84,13,13968.26,1173333.84,0
Metro Care,2023-09-07,68,7,14842.5,1009290.0,0
Wellness Center,2023-09-07,76,10,10286.35,781762.6,0
Green Clinic,2023-09-07,86,13,8167.36,702392.96,0
City Hospital,2023-09-08,71,16,8836.63,627400.73,2
Metro Care,2023-09-08,68,6,8699.43,591561.24,0
Wellness Center,2023-09-08,82,10,16153.04,1324549.28,0
Green Clinic,2023-09-08,74,9,12968.89,959697.86,0
City Hospital,2023-09-09,78,12,10965.96,855344.88,1
Metro Care,2023-09-09,92,15,6488.2,596914.4,0
Wellness Center,2023-09-09,85,13,13575.13,1153886.05,1
Green Clinic,2023-09-09,91,17,14178.82,1290272.62,0
City Hospital,2023-09-10,77,16,12874.98,991373.46,0
Metro Care,2023-09-10,89,15,12101.21,1077007.69,0
Wellness Center,2023-09-10,92,14,15272.89,1405105.88,1
Green Clinic,2023-09-10,88,14,13086.6,1151620.8,0
City Hospital,2023-09-11,71,8,9878.73,701389.83,0
Metro Care,2023-09-11,62,9,11885.29,736887.98,0
Wellness Center,2023-09-11,87,14,13668.58,1189166.46,0
Green Clinic,2023-09-11,91,22,10845.96,986982.36,0
City Hospital,2023-09-12,84,7,14834.75,1246119.0,0
Metro Care,2023-09-12,81,14,13008.78,1053711.18,0
Wellness Center,2023-09-12,84,17,14218.27,1194334.68,1
Green Clinic,2023-09-12,72,8,10342.16,744635.52,0
City Hospital,2023-09-13,81,16,9986.24,808885.44,0
Metro Care,2023-09-13,89,15,6528.3,581018.7,0
Wellness Center,2023-09-13,62,10,15420.05,956043.1,0
Green Clinic,2023-09-13,91,10,13587.73,1236483.43,0
City Hospital,2023-09-14,80,9,8829.9,706392.0,0
Metro Care,2023-09-14,71,13,16745.18,1188907.78,0
Wellness Center,2023-09-14,67,9,8949.27,599601.09,0
Green Clinic,2023-09-14,84,13,6104.94,512814.96,0
City Hospital,2023-09-15,74,16,10933.09,809048.66,1
Metro Care,2023-09-15,77,15,10170.77,783149.29,0
Wellness Center,2023-09-15,75,11,11059.48,829461.0,0
Green Clinic,2023-09-15,94,11,8804.58,827630.52,0
City Hospital,2023-09-16,86,19,12993.3,1117423.8,0
Metro Care,2023-09-16,81,8,9808.41,794481.21,0
Wellness Center,2023-09-16,70,12,12995.99,909719.3,0
Green Clinic,2023-09-16,88,19,5741.56,505257.28,2
City Hospital,2023-09-17,54,8,15808.59,853663.86,0
Metro Care,2023-09-17,85,7,7749.09,658672.65,0
Wellness Center,2023-09-17,90,17,13767.89,1239110.1,3
Green Clinic,2023-09-17,87,14,13830.36,1203241.32,0
City Hospital,2023-09-18,58,8,13643.58,791327.64,1
Metro Care,2023-09-18,72,9,10109.82,727907.04,0
Wellness Center,2023-09-18,73,9,8590.18,627083.14,1
Green Clinic,2023-09-18,79,16,10502.71,829714.09,0
City Hospital,2023-09-19,73,9,10425.56,761065.88,0
Metro Care,2023-09-19,60,3,13428.55,805713.0,0
Wellness Center,2023-09-19,81,10,8320.02,673921.62,0
Green Clinic,2023-09-19,75,13,21220.47,1591535.25,0
City Hospital,2023-09-20,69,11,12824.25,884873.25,1
Metro Care,2023-09-20,87,16,13595.73,1182828.51,0
Wellness Center,2023-09-20,85,16,12874.33,1094318.05,0
Green Clinic,2023-09-20,74,10,9955.69,736721.06,0
City Hospital,2023-09-21,88,15,15180.29,1335865.52,0
Metro Care,2023-09-21,89,20,8926.21,794432.69,0
Wellness Center,2023-09-21,75,15,16954.4,1271580.0,1
Green Clinic,2023-09-21,68,12,15552.81,1057591.08,0
City Hospital,2023-09-22,63,11,15303.08,964094.04,0
Metro Care,2023-09-22,75,12,17848.4,1338630.0,0
Wellness Center,2023-09-22,86,13,13383.18,1150953.48,1
Green Clinic,2023-09-22,90,13,8939.39,804545.1,0
City Hospital,2023-09-23,96,13,15300.93,1468889.28,0
Metro Care,2023-09-23,78,9,11767.87,917893.86,0
Wellness Center,2023-09-23,76,14,16058.5,1220446.0,0
Green Clinic,2023-09-23,79,12,18698.53,1477183.87,0
City Hospital,2023-09-24,78,14,9583.37,747502.86,0
Metro Care,2023-09-24,86,13,8867.21,762580.06,0
Wellness Center,2023-09-24,75,12,13088.41,981630.75,1
Green Clinic,2023-09-24,73,8,12180.08,889145.84,0
City Hospital,2023-09-25,83,14,6400.89,531273.87,0
Metro Care,2023-09-25,73,16,11558.46,843767.58,1
Wellness Center,2023-09-25,89,14,16212.67,1442927.63,0
Green Clinic,2023-09-25,63,8,12957.08,816296.04,0
City Hospital,2023-09-26,83,16,14967.3,1242285.9,1
Metro Care,2023-09-26,86,13,11875.54,1021296.44,1
Wellness Center,2023-09-26,85,8,14364.18,1220955.3,0
Green Clinic,2023-09-26,74,6,18221.0,1348354.0,1
City Hospital,2023-09-27,78,14,9939.09,775249.02,0
Metro Care,2023-09-27,85,11,9961.22,846703.7,0
Wellness Center,2023-09-27,82,19,16314.32,1337774.24,0
Green Clinic,2023-09-27,78,12,8557.05,667449.9,0
City Hospital,2023-09-28,74,14,16764.38,1240564.12,1
Metro Care,2023-09-28,78,10,15380.55,1199682.9,0
Wellness Center,2023-09-28,86,10,15934.63,1370378.18,0
Green Clinic,2023-09-28,79,10,10987.34,867999.86,0
City Hospital,2023-09-29,82,15,13710.39,1124251.98,0
Metro Care,2023-09-29,85,20,11926.24,1013730.4,0
Wellness Center,2023-09-29,85,11,9116.29,774884.65,0
Green Clinic,2023-09-29,86,9,15677.25,1348243.5,0
City Hospital,2023-09-30,85,9,14704.63,1249893.55,0
Metro Care,2023-09-30,78,6,12356.24,963786.72,0
Wellness Center,2023-09-30,81,10,8351.25,676451.25,0
Green Clinic,2023-09-30,78,9,14745.58,1150155.24,0
City Hospital,2023-10-01,81,11,7946.55,643670.55,0
Metro Care,2023-10-01,82,10,12979.82,1064345.24,0
Wellness Center,2023-10-01,83,15,13582.47,1127345.01,1
Green Clinic,2023-10-01,87,11,12403.42,1079097.54,0
City Hospital,2023-10-02,73,14,13688.36,999250.28,0
Metro Care,2023-10-02,78,14,11116.83,867112.74,0
Wellness Center,2023-10-02,81,17,11418.07,924863.67,0
Green Clinic,2023-10-02,88,15,13277.72,1168439.36,1
City Hospital,2023-10-03,85,13,8166.15,694122.75,0
Metro Care,2023-10-03,77,10,8947.5,688957.5,0
Wellness Center,2023-10-03,88,14,14050.46,1236440.48,2
Green Clinic,2023-10-03,76,10,8905.35,676806.6,0
City Hospital,2023-10-04,82,7,10666.33,874639.06,0
Metro Care,2023-10-04,77,8,15186.4,1169352.8,1
Wellness Center,2023-10-04,77,18,15413.3,1186824.1,0
Green Clinic,2023-10-04,67,9,13125.23,879390.41,0
City Hospital,2023-10-05,80,9,10953.33,876266.4,0
Metro Care,2023-10-05,99,11,11684.98,1156813.02,0
Wellness Center,2023-10-05,81,14,12123.48,982001.88,0
Green Clinic,2023-10-05,93,13,13292.11,1236166.23,1
City Hospital,2023-10-06,84,8,7828.44,657588.96,0
Metro Care,2023-10-06,87,15,10082.6,877186.2,0
Wellness Center,2023-10-06,85,13,9022.96,766951.6,1
Green Clinic,2023-10-06,83,13,13006.06,1079502.98,0
City Hospital,2023-10-07,91,15,9256.83,842371.53,0
Metro Care,2023-10-07,84,8,7344.84,616966.56,0
Wellness Center,2023-10-07,66,9,10689.28,705492.48,2
Green Clinic,2023-10-07,86,9,16332.41,1404587.26,0
City Hospital,2023-10-08,75,12,11197.9,839842.5,0
Metro Care,2023-10-08,88,11,10729.78,944220.64,0
Wellness Center,2023-10-08,77,10,10328.47,795292.19,0
Green Clinic,2023-10-08,97,16,10998.17,1066822.49,1
City Hospital,2023-10-09,68,14,11707.64,796119.52,0
Metro Care,2023-10-09,91,15,13829.84,1258515.44,0
Wellness Center,2023-10-09,77,15,19188.24,1477494.48,1
Green Clinic,2023-10-09,90,16,17383.07,1564476.3,0
City Hospital,2023-10-10,86,15,16987.58,1460931.88,0
Metro Care,2023-10-10,74,10,3670.7,271631.8,0
Wellness Center,2023-10-10,67,14,13251.1,887823.7,0
Green Clinic,2023-10-10,78,7,10784.25,841171.5,1
City Hospital,2023-10-11,85,8,11354.41,965124.85,0
Metro Care,2023-10-11,83,10,13233.67,1098394.61,0
Wellness Center,2023-10-11,93,9,14932.62,1388733.66,0
Green Clinic,2023-10-11,70,12,13010.14,910709.8,0
City Hospital,2023-10-12,91,14,7727.0,703157.0,0
Metro Care,2023-10-12,80,14,14461.64,1156931.2,0
Wellness Center,2023-10-12,96,19,10480.11,1006090.56,0
Green Clinic,2023-10-12,86,9,13378.18,1150523.48,1
City Hospital,2023-10-13,78,10,9360.87,730147.86,1
Metro Care,2023-10-13,87,15,17997.23,1565759.01,1
Wellness Center,2023-10-13,69,10,10870.98,750097.62,0
Green Clinic,2023-10-13,76,11,8242.83,626455.08,1
City Hospital,2023-10-14,73,8,9405.79,686622.67,0
Metro Care,2023-10-14,93,16,11706.8,1088732.4,0
Wellness Center,2023-10-14,78,18,15062.27,1174857.06,1
Green Clinic,2023-10-14,72,7,13564.93,976674.96,0
City Hospital,2023-10-15,97,13,11474.35,1113011.95,1
Metro Care,2023-10-15,81,10,15215.72,1232473.32,0
Wellness Center,2023-10-15,80,8,10822.29,865783.2,1
Green Clinic,2023-10-15,84,11,11863.07,996497.88,0
City Hospital,2023-10-16,66,13,8516.03,562057.98,0
Metro Care,2023-10-16,84,9,10566.97,887625.48,1
Wellness Center,2023-10-16,94,13,10718.66,1007554.04,0
Green Clinic,2023-10-16,100,18,17192.18,1719218.0,0
City Hospital,2023-10-17,80,13,8351.19,668095.2,0
Metro Care,2023-10-17,83,9,9307.94,772559.02,0
Wellness Center,2023-10-17,85,11,8481.64,720939.4,0
Green Clinic,2023-10-17,71,13,12494.99,887144.29,0
City Hospital,2023-10-18,77,14,8130.76,626068.52,0
Metro Care,2023-10-18,75,10,12010.68,900801.0,1
Wellness Center,2023-10-18,76,4,13626.49,1035613.24,0
Green Clinic,2023-10-18,75,11,10047.91,753593.25,0
City Hospital,2023-10-19,75,8,13638.26,1022869.5,2
Metro Care,2023-10-19,75,11,17122.19,1284164.25,0
Wellness Center,2023-10-19,85,11,17088.48,1452520.8,0
Green Clinic,2023-10-19,76,12,12801.82,972938.32,0
City Hospital,2023-10-20,86,13,7536.57,648145.02,0
Metro Care,2023-10-20,76,8,10964.65,833313.4,0
Wellness Center,2023-10-20,78,10,10840.51,845559.78,0
Green Clinic,2023-10-20,68,12,12918.97,878489.96,0
City Hospital,2023-10-21,100,16,10913.21,1091321.0,2
Metro Care,2023-10-21,84,19,9139.58,767724.72,0
Wellness Center,2023-10-21,82,12,15674.29,1285291.78,0
Green Clinic,2023-10-21,96,9,12198.5,1171056.0,0
City Hospital,2023-10-22,77,16,12422.09,956500.93,0
Metro Care,2023-10-22,69,12,14090.14,972219.66,0
Wellness Center,2023-10-22,78,14,7038.04,548967.12,0
Green Clinic,2023-10-22,82,13,12622.89,1035076.98,1
City Hospital,2023-10-23,79,10,18598.2,1469257.8,0
Metro Care,2023-10-23,71,16,19148.38,1359534.98,0
Wellness Center,2023-10-23,67,11,6151.54,412153.18,1
Green Clinic,2023-10-23,83,19,11794.63,978954.29,0
City Hospital,2023-10-24,71,7,11401.17,809483.07,0
Metro Care,2023-10-24,93,22,12424.3,1155459.9,0
Wellness Center,2023-10-24,91,15,10937.78,995337.98,0
Green Clinic,2023-10-24,79,12,11785.16,931027.64,0
City Hospital,2023-10-25,104,16,14985.54,1558496.16,0
Metro Care,2023-10-25,88,15,7516.43,661445.84,0
Wellness Center,2023-10-25,77,14,9711.71,747801.67,0
Green Clinic,2023-10-25,73,11,8239.28,601467.44,0
City Hospital,2023-10-26,73,13,11401.14,832283.22,0
Metro Care,2023-10-26,95,19,11037.67,1048578.65,0
Wellness Center,2023-10-26,91,14,16840.49,1532484.59,0
Green Clinic,2023-10-26,84,10,11408.64,958325.76,0
City Hospital,2023-10-27,80,13,10713.79,857103.2,0
Metro Care,2023-10-27,77,14,14280.84,1099624.68,0
Wellness Center,2023-10-27,66,7,8966.38,591781.08,0
Green Clinic,2023-10-27,72,7,16684.72,1201299.84,1
City Hospital,2023-10-28,91,12,19684.51,1791290.41,0
Metro Care,2023-10-28,82,16,13476.87,1105103.34,0
Wellness Center,2023-10-28,94,15,12145.56,1141682.64,0
Green Clinic,2023-10-28,92,20,13174.57,1212060.44,0
City Hospital,2023-10-29,87,10,9952.86,865898.82,0
Metro Care,2023-10-29,67,9,9622.11,644681.37,0
Wellness Center,2023-10-29,81,9,10246.42,829960.02,0
Green Clinic,2023-10-29,89,10,6279.15,558844.35,0
City Hospital,2023-10-30,84,10,10198.64,856685.76,0
Metro Care,2023-10-30,87,8,6894.01,599778.87,0
Wellness Center,2023-10-30,74,8,12563.19,929676.06,1
Green Clinic,2023-10-30,105,18,10233.94,1074563.7,1
City Hospital,2023-10-31,79,17,11634.21,919102.59,2
Metro Care,2023-10-31,68,9,10393.09,706730.12,0
Wellness Center,2023-10-31,82,15,15547.77,1274917.14,0
Green Clinic,2023-10-31,69,8,13036.77,899537.13,1
City Hospital,2023-11-01,81,15,10458.02,847099.62,0
Metro Care,2023-11-01,65,12,15333.12,996652.8,0
Wellness Center,2023-11-01,78,8,11774.55,918414.9,0
Green Clinic,2023-11-01,90,17,9558.71,860283.9,0
City Hospital,2023-11-02,95,12,13800.49,1311046.55,0
Metro Care,2023-11-02,87,14,12915.85,1123678.95,0
Wellness Center,2023-11-02,81,17,18858.31,1527523.11,0
Green Clinic,2023-11-02,89,12,7048.58,627323.62,1
City Hospital,2023-11-03,73,11,12390.05,904473.65,0
Metro Care,2023-11-03,85,10,17416.4,1480394.0,0
Wellness Center,2023-11-03,80,16,12202.61,976208.8,0
Green Clinic,2023-11-03,83,11,14347.33,1190828.39,0
City Hospital,2023-11-04,85,14,7797.21,662762.85,0
Metro Care,2023-11-04,88,15,13558.34,1193133.92,2
Wellness Center,2023-11-04,79,11,8651.05,683432.95,2
Green Clinic,2023-11-04,79,14,10103.93,798210.47,0
City Hospital,2023-11-05,75,12,9165.92,687444.0,0
Metro Care,2023-11-05,81,9,12984.4,1051736.4,0
Wellness Center,2023-11-05,84,14,14752.21,1239185.64,0
Green Clinic,2023-11-05,89,15,10441.76,929316.64,0
City Hospital,2023-11-06,84,20,9338.54,784437.36,1
Metro Care,2023-11-06,86,10,16662.49,1432974.14,0
Wellness Center,2023-11-06,76,11,11428.72,868582.72,0
Green Clinic,2023-11-06,85,13,16521.64,1404339.4,0
City Hospital,2023-11-07,90,14,10172.08,915487.2,0
Metro Care,2023-11-07,70,4,13121.97,918537.9,0
Wellness Center,2023-11-07,89,16,11659.22,1037670.58,0
Green Clinic,2023-11-07,79,9,11275.06,890729.74,0
City Hospital,2023-11-08,76,10,10171.45,773030.2,2
Metro Care,2023-11-08,74,4,10199.99,754799.26,0
Wellness Center,2023-11-08,83,14,10994.66,912556.78,0
Green Clinic,2023-11-08,82,12,13363.88,1095838.16,0
City Hospital,2023-11-09,79,15,9225.3,728798.7,0
Metro Care,2023-11-09,68,13,9272.25,630513.0,0
Wellness Center,2023-11-09,80,9,11162.25,892980.0,0
Green Clinic,2023-11-09,86,16,16908.71,1454149.06,0
City Hospital,2023-11-10,67,8,14244.13,954356.71,0
Metro Care,2023-11-10,87,19,12941.3,1125893.1,0
Wellness Center,2023-11-10,83,10,14974.73,1242902.59,0
Green Clinic,2023-11-10,84,12,9701.13,814894.92,0
City Hospital,2023-11-11,85,11,9546.85,811482.25,0
Metro Care,2023-11-11,75,12,15899.0,1192425.0,0
Wellness Center,2023-11-11,81,12,6027.7,488243.7,0
Green Clinic,2023-11-11,88,7,13497.65,1187793.2,0
City Hospital,2023-11-12,74,10,16159.51,1195803.74,0
Metro Care,2023-11-12,81,7,11490.35,930718.35,0
Wellness Center,2023-11-12,96,12,14878.99,1428383.04,0
Green Clinic,2023-11-12,82,11,12692.39,1040775.98,0
City Hospital,2023-11-13,70,12,11029.67,772076.9,0
Metro Care,2023-11-13,104,16,8321.09,865393.36,0
Wellness Center,2023-11-13,73,11,10259.82,748966.86,1
Green Clinic,2023-11-13,65,12,12525.06,814128.9,0
City Hospital,2023-11-14,74,13,12588.16,931523.84,0
Metro Care,2023-11-14,89,11,14667.21,1305381.69,0
Wellness Center,2023-11-14,82,9,7232.32,593050.24,0
Green Clinic,2023-11-14,79,10,10780.57,851665.03,0
City Hospital,2023-11-15,103,17,16708.27,1720951.81,0
Metro Care,2023-11-15,83,14,10435.96,866184.68,0
Wellness Center,2023-11-15,78,15,13573.13,1058704.14,0
Green Clinic,2023-11-15,76,15,9190.02,698441.52,0
City Hospital,2023-11-16,83,5,8153.43,676734.69,0
Metro Care,2023-11-16,71,8,8182.56,580961.76,0
Wellness Center,2023-11-16,83,11,8111.74,673274.42,0
Green Clinic,2023-11-16,72,8,10006.83,720491.76,0
City Hospital,2023-11-17,94,17,7185.64,675450.16,0
Metro Care,2023-11-17,63,10,10821.98,681784.74,0
Wellness Center,2023-11-17,87,11,10136.5,881875.5,0
Green Clinic,2023-11-17,91,22,13618.96,1239325.36,0
City Hospital,2023-11-18,84,23,8290.62,696412.08,0
Metro Care,2023-11-18,82,16,10933.84,896574.88,0
Wellness Center,2023-11-18,73,8,10187.75,743705.75,2
Green Clinic,2023-11-18,89,17,11532.62,1026403.18,0
City Hospital,2023-11-19,84,16,12977.95,1090147.8,0
Metro Care,2023-11-19,79,16,14162.37,1118827.23,1
Wellness Center,2023-11-19,81,11,13782.76,1116403.56,1
Green Clinic,2023-11-19,80,9,13496.54,1079723.2,0
City Hospital,2023-11-20,81,8,11694.84,947282.04,0
Metro Care,2023-11-20,65,11,9694.22,630124.3,0
Wellness Center,2023-11-20,86,19,14700.34,1264229.24,1
Green Clinic,2023-11-20,78,12,10664.06,831796.68,0
City Hospital,2023-11-21,79,14,13481.79,1065061.41,1
Metro Care,2023-11-21,72,10,8609.31,619870.32,0
Wellness Center,2023-11-21,66,10,11597.19,765414.54,0
Green Clinic,2023-11-21,83,10,12213.89,1013752.87,0
City Hospital,2023-11-22,68,12,6590.12,448128.16,0
Metro Care,2023-11-22,86,10,16503.81,1419327.66,0
Wellness Center,2023-11-22,69,15,9894.17,682697.73,0
Green Clinic,2023-11-22,98,19,11623.61,1139113.78,0
City Hospital,2023-11-23,75,11,13812.43,1035932.25,0
Metro Care,2023-11-23,69,8,16364.75,1129167.75,0
Wellness Center,2023-11-23,71,7,11433.55,811782.05,0
Green Clinic,2023-11-23,73,8,12855.08,938420.84,0
City Hospital,2023-11-24,70,8,11700.77,819053.9,0
Metro Care,2023-11-24,70,12,13641.98,954938.6,0
Wellness Center,2023-11-24,87,18,14643.27,1273964.49,1
Green Clinic,2023-11-24,65,11,19211.29,1248733.85,0
City Hospital,2023-11-25,86,15,12119.19,1042250.34,1
Metro Care,2023-11-25,70,13,16505.28,1155369.6,0
Wellness Center,2023-11-25,73,14,11128.72,812396.56,0
Green Clinic,2023-11-25,78,10,10780.84,840905.52,0
City Hospital,2023-11-26,79,14,12184.66,962588.14,0
Metro Care,2023-11-26,78,16,12728.26,992804.28,0
Wellness Center,2023-11-26,99,16,19217.08,1902490.92,0
Green Clinic,2023-11-26,88,11,5595.64,492416.32,0
City Hospital,2023-11-27,87,10,14159.51,1231877.37,1
Metro Care,2023-11-27,73,8,12163.79,887956.67,0
Wellness Center,2023-11-27,82,12,8476.89,695104.98,1
Green Clinic,2023-11-27,88,13,16285.94,1433162.72,1
City Hospital,2023-11-28,68,11,11529.9,784033.2,1
Metro Care,2023-11-28,82,15,18971.77,1555685.14,0
Wellness Center,2023-11-28,86,12,17888.04,1538371.44,0
Green Clinic,2023-11-28,88,10,12342.05,1086100.4,0
City Hospital,2023-11-29,86,12,13500.39,1161033.54,0
Metro Care,2023-11-29,97,15,13168.67,1277360.99,0
Wellness Center,2023-11-29,74,11,10217.92,756126.08,0
Green Clinic,2023-11-29,78,9,14510.82,1131843.96,0
City Hospital,2023-11-30,80,8,15752.71,1260216.8,0
Metro Care,2023-11-30,90,12,7084.89,637640.1,0
Wellness Center,2023-11-30,72,8,5576.92,401538.24,0
Green Clinic,2023-11-30,93,11,10166.03,945440.79,0
City Hospital,2023-12-01,84,21,12278.96,1031432.64,2
Metro Care,2023-12-01,82,19,3542.83,290512.06,1
Wellness Center,2023-12-01,72,9,13243.24,953513.28,0
Green Clinic,2023-12-01,75,12,14633.8,1097535.0,0
City Hospital,2023-12-02,70,8,10541.53,737907.1,1
Metro Care,2023-12-02,70,13,14772.06,1034044.2,0
Wellness Center,2023-12-02,68,11,13557.12,921884.16,0
Green Clinic,2023-12-02,105,21,12972.82,1362146.1,0
City Hospital,2023-12-03,80,14,7918.68,633494.4,0
Metro Care,2023-12-03,96,15,15233.37,1462403.52,0
Wellness Center,2023-12-03,77,11,8491.22,653823.94,1
Green Clinic,2023-12-03,91,14,13416.9,1220937.9,0
City Hospital,2023-12-04,83,14,10752.52,892459.16,0
Metro Care,2023-12-04,67,13,13181.2,883140.4,0
Wellness Center,2023-12-04,83,17,13669.7,1134585.1,2
Green Clinic,2023-12-04,73,7,11688.05,853227.65,1
City Hospital,2023-12-05,68,13,11566.36,786512.48,0
Metro Care,2023-12-05,83,12,7870.89,653283.87,0
Wellness Center,2023-12-05,67,12,10758.72,720834.24,0
Green Clinic,2023-12-05,84,18,10535.82,885008.88,0
City Hospital,2023-12-06,77,10,13783.84,1061355.68,0
Metro Care,2023-12-06,78,14,17622.22,1374533.16,1
Wellness Center,2023-12-06,92,11,7513.68,691258.56,1
Green Clinic,2023-12-06,83,13,10007.38,830612.54,0
City Hospital,2023-12-07,95,13,15645.39,1486312.05,0
Metro Care,2023-12-07,81,17,10617.38,860007.78,0
Wellness Center,2023-12-07,78,10,6861.38,535187.64,0
Green Clinic,2023-12-07,54,6,15644.5,844803.0,0
City Hospital,2023-12-08,78,14,9278.03,723686.34,0
Metro Care,2023-12-08,59,9,13406.17,790964.03,0
Wellness Center,2023-12-08,77,10,15411.65,1186697.05,0
Green Clinic,2023-12-08,73,10,12663.6,924442.8,1
City Hospital,2023-12-09,78,12,14035.05,1094733.9,1
Metro Care,2023-12-09,67,8,14450.86,968207.62,0
Wellness Center,2023-12-09,92,12,9263.42,852234.64,2
Green Clinic,2023-12-09,78,15,12684.39,989382.42,0
City Hospital,2023-12-10,92,13,9381.36,863085.12,0
Metro Care,2023-12-10,83,10,15787.81,1310388.23,1
Wellness Center,2023-12-10,94,15,12311.45,1157276.3,1
Green Clinic,2023-12-10,76,10,10623.71,807401.96,0
City Hospital,2023-12-11,68,9,16296.12,1108136.16,1
Metro Care,2023-12-11,70,17,12410.38,868726.6,2
Wellness Center,2023-12-11,67,11,10890.53,729665.51,1
Green Clinic,2023-12-11,69,10,15038.41,1037650.29,0
City Hospital,2023-12-12,95,14,11594.38,1101466.1,0
Metro Care,2023-12-12,80,14,12440.03,995202.4,0
Wellness Center,2023-12-12,69,10,10454.63,721369.47,0
Green Clinic,2023-12-12,89,14,12484.98,1111163.22,0
City Hospital,2023-12-13,85,17,14470.25,1229971.25,0
Metro Care,2023-12-13,80,8,10580.52,846441.6,0
Wellness Center,2023-12-13,76,14,13939.27,1059384.52,0
Green Clinic,2023-12-13,89,15,10280.57,914970.73,0
City Hospital,2023-12-14,79,9,13728.49,1084550.71,0
Metro Care,2023-12-14,67,12,14958.3,1002206.1,0
Wellness Center,2023-12-14,83,11,12213.58,1013727.14,0
Green Clinic,2023-12-14,98,13,7022.02,688157.96,1
City Hospital,2023-12-15,103,18,17580.43,1810784.29,0
Metro Care,2023-12-15,68,14,11648.5,792098.0,1
Wellness Center,2023-12-15,89,20,12016.51,1069469.39,2
Green Clinic,2023-12-15,86,19,15107.81,1299271.66,0
City Hospital,2023-12-16,64,9,14276.54,913698.56,0
Metro Care,2023-12-16,77,16,12847.65,989269.05,0
Wellness Center,2023-12-16,79,8,9560.27,755261.33,1
Green Clinic,2023-12-16,74,19,12615.03,933512.22,0
City Hospital,2023-12-17,79,16,6693.87,528815.73,0
Metro Care,2023-12-17,77,8,10193.11,784869.47,0
Wellness Center,2023-12-17,72,14,16442.75,1183878.0,0
Green Clinic,2023-12-17,101,15,8574.11,865985.11,0
City Hospital,2023-12-18,69,7,11835.2,816628.8,0
Metro Care,2023-12-18,90,16,7134.72,642124.8,2
Wellness Center,2023-12-18,97,14,10292.5,998372.5,0
Green Clinic,2023-12-18,94,9,12620.71,1186346.74,0
City Hospital,2023-12-19,88,14,9789.56,861481.28,0
Metro Care,2023-12-19,91,10,13922.24,1266923.84,1
Wellness Center,2023-12-19,79,15,9283.24,733375.96,1
Green Clinic,2023-12-19,90,14,13331.01,1199790.9,0
City Hospital,2023-12-20,95,15,7832.54,744091.3,0
Metro Care,2023-12-20,88,14,16762.68,1475115.84,0
Wellness Center,2023-12-20,83,15,13129.51,1089749.33,0
Green Clinic,2023-12-20,83,17,10624.37,881822.71,0
City Hospital,2023-12-21,77,13,9183.51,707130.27,1
Metro Care,2023-12-21,64,12,13132.76,840496.64,0
Wellness Center,2023-12-21,80,9,13066.11,1045288.8,0
Green Clinic,2023-12-21,81,15,11294.13,914824.53,1
City Hospital,2023-12-22,71,14,12679.71,900259.41,0
Metro Care,2023-12-22,63,6,9600.73,604845.99,0
Wellness Center,2023-12-22,95,13,12799.41,1215943.95,0
Green Clinic,2023-12-22,82,18,10849.46,889655.72,2
City Hospital,2023-12-23,76,10,9860.72,749414.72,0
Metro Care,2023-12-23,102,12,13648.45,1392141.9,0
Wellness Center,2023-12-23,102,12,11774.99,1201048.98,0
Green Clinic,2023-12-23,74,8,11223.67,830551.58,0
City Hospital,2023-12-24,78,10,14762.07,1151441.46,0
Metro Care,2023-12-24,94,10,15635.8,1469765.2,0
Wellness Center,2023-12-24,85,11,17023.29,1446979.65,0
Green Clinic,2023-12-24,82,13,8760.36,718349.52,0
City Hospital,2023-12-25,75,8,17119.98,1283998.5,0
Metro Care,2023-12-25,99,14,9820.49,972228.51,0
Wellness Center,2023-12-25,76,15,12196.48,926932.48,0
Green Clinic,2023-12-25,83,19,10007.95,830659.85,0
City Hospital,2023-12-26,86,16,16485.41,1417745.26,0
Metro Care,2023-12-26,83,14,13776.08,1143414.64,1
Wellness Center,2023-12-26,80,11,9636.19,770895.2,0
Green Clinic,2023-12-26,72,12,12153.27,875035.44,0
City Hospital,2023-12-27,88,14,16790.45,1477559.6,0
Metro Care,2023-12-27,80,10,12731.42,1018513.6,0
Wellness Center,2023-12-27,85,7,10640.77,904465.45,0
Green Clinic,2023-12-27,82,10,11779.76,965940.32,1
City Hospital,2023-12-28,87,14,10715.88,932281.56,1
Metro Care,2023-12-28,66,12,12920.53,852754.98,2
Wellness Center,2023-12-28,78,16,11189.43,872775.54,1
Green Clinic,2023-12-28,89,14,12337.61,1098047.29,1
City Hospital,2023-12-29,80,15,13932.7,1114616.0,0
Metro Care,2023-12-29,82,18,13142.19,1077659.58,0
Wellness Center,2023-12-29,81,10,17605.99,1426085.19,1
Green Clinic,2023-12-29,81,15,20642.29,1672025.49,0
City Hospital,2023-12-30,74,12,11166.66,826332.84,0
Metro Care,2023-12-30,80,16,9197.8,735824.0,1
Wellness Center,2023-12-30,82,14,9756.87,800063.34,0
Green Clinic,2023-12-30,78,11,15811.34,1233284.52,0
City Hospital,2023-12-31,74,11,8335.5,616827.0,0
Metro Care,2023-12-31,62,7,11134.81,690358.22,0
Wellness Center,2023-12-31,73,14,10224.74,746406.02,0
Green Clinic,2023-12-31,72,7,17659.22,1271463.84,0
